candidate_id,fold,engine_id,cutoff_cycle,true_raw_rul,prediction
rf_w60,1,16,52,157.0,102.82666666666667
rf_w60,1,16,94,115.0,93.90333333333334
rf_w60,1,16,136,73.0,90.93333333333334
rf_w60,1,16,167,42.0,73.70333333333333
rf_w60,1,16,199,10.0,49.403333333333336
rf_w60,1,20,58,176.0,118.61333333333333
rf_w60,1,20,105,129.0,91.94
rf_w60,1,20,152,82.0,89.87
rf_w60,1,20,187,47.0,84.17
rf_w60,1,20,222,12.0,63.57666666666667
rf_w60,1,21,49,146.0,124.23
rf_w60,1,21,88,107.0,139.11333333333334
rf_w60,1,21,127,68.0,73.33666666666667
rf_w60,1,21,156,39.0,61.593333333333334
rf_w60,1,21,185,10.0,50.526666666666664
rf_w60,1,29,41,122.0,146.09333333333333
rf_w60,1,29,73,90.0,80.24
rf_w60,1,29,106,57.0,75.80333333333333
rf_w60,1,29,130,33.0,62.42666666666667
rf_w60,1,29,155,8.0,31.303333333333335
rf_w60,1,36,40,118.0,137.16666666666666
rf_w60,1,36,71,87.0,102.48
rf_w60,1,36,103,55.0,71.81333333333333
rf_w60,1,36,126,32.0,51.913333333333334
rf_w60,1,36,150,8.0,32.43
rf_w60,1,40,47,141.0,136.23
rf_w60,1,40,85,103.0,124.92666666666666
rf_w60,1,40,122,66.0,82.01333333333334
rf_w60,1,40,150,38.0,60.89
rf_w60,1,40,179,9.0,50.416666666666664
rf_w60,1,47,54,160.0,157.05
rf_w60,1,47,96,118.0,151.57333333333332
rf_w60,1,47,139,75.0,121.85333333333334
rf_w60,1,47,171,43.0,75.71
rf_w60,1,47,203,11.0,37.95
rf_w60,1,59,58,173.0,156.95
rf_w60,1,59,104,127.0,146.82333333333332
rf_w60,1,59,150,81.0,130.2
rf_w60,1,59,185,46.0,81.37666666666667
rf_w60,1,59,219,12.0,40.48
rf_w60,1,66,50,152.0,135.42666666666668
rf_w60,1,66,91,111.0,104.11
rf_w60,1,66,131,71.0,87.82333333333334
rf_w60,1,66,162,40.0,71.05333333333333
rf_w60,1,66,192,10.0,58.23
rf_w60,1,68,50,149.0,141.01
rf_w60,1,68,90,109.0,102.66666666666667
rf_w60,1,68,129,70.0,81.65
rf_w60,1,68,159,40.0,61.61
rf_w60,1,68,189,10.0,52.973333333333336
rf_w60,1,69,90,272.0,134.72333333333333
rf_w60,1,69,163,199.0,149.51333333333332
rf_w60,1,69,235,127.0,104.06333333333333
rf_w60,1,69,290,72.0,94.76
rf_w60,1,69,344,18.0,62.39
rf_w60,1,72,53,160.0,155.32333333333332
rf_w60,1,72,96,117.0,179.05333333333334
rf_w60,1,72,138,75.0,97.70666666666666
rf_w60,1,72,170,43.0,70.75
rf_w60,1,72,202,11.0,40.27333333333333
rf_w60,1,76,52,158.0,114.82333333333334
rf_w60,1,76,94,116.0,103.98666666666666
rf_w60,1,76,136,74.0,82.87333333333333
rf_w60,1,76,168,42.0,59.61333333333334
rf_w60,1,76,200,10.0,51.6
rf_w60,1,79,50,149.0,152.11666666666667
rf_w60,1,79,90,109.0,145.21666666666667
rf_w60,1,79,129,70.0,129.21
rf_w60,1,79,159,40.0,68.3
rf_w60,1,79,189,10.0,34.91
rf_w60,1,83,73,220.0,145.84666666666666
rf_w60,1,83,132,161.0,146.19666666666666
rf_w60,1,83,190,103.0,129.47
rf_w60,1,83,234,59.0,83.89666666666666
rf_w60,1,83,278,15.0,55.74666666666667
rf_w60,1,86,70,208.0,125.06
rf_w60,1,86,125,153.0,166.39
rf_w60,1,86,181,97.0,93.25666666666666
rf_w60,1,86,222,56.0,81.57
rf_w60,1,86,264,14.0,61.86666666666667
rf_w60,1,95,71,212.0,149.78
rf_w60,1,95,127,156.0,147.27666666666667
rf_w60,1,95,184,99.0,112.08666666666667
rf_w60,1,95,226,57.0,83.66
rf_w60,1,95,269,14.0,60.29666666666667
rf_w90,1,16,52,157.0,104.79666666666667
rf_w90,1,16,94,115.0,102.57
rf_w90,1,16,136,73.0,71.55
rf_w90,1,16,167,42.0,62.526666666666664
rf_w90,1,16,199,10.0,50.70666666666666
rf_w90,1,20,58,176.0,116.63
rf_w90,1,20,105,129.0,106.15333333333334
rf_w90,1,20,152,82.0,89.59
rf_w90,1,20,187,47.0,73.33666666666667
rf_w90,1,20,222,12.0,54.266666666666666
rf_w90,1,21,49,146.0,125.66333333333333
rf_w90,1,21,88,107.0,125.34666666666666
rf_w90,1,21,127,68.0,76.74
rf_w90,1,21,156,39.0,57.64
rf_w90,1,21,185,10.0,36.18
rf_w90,1,29,41,122.0,148.71666666666667
rf_w90,1,29,73,90.0,81.24333333333334
rf_w90,1,29,106,57.0,61.64333333333333
rf_w90,1,29,130,33.0,47.03333333333333
rf_w90,1,29,155,8.0,13.006666666666666
rf_w90,1,36,40,118.0,136.07333333333332
rf_w90,1,36,71,87.0,105.27
rf_w90,1,36,103,55.0,57.78
rf_w90,1,36,126,32.0,39.71
rf_w90,1,36,150,8.0,29.79
rf_w90,1,40,47,141.0,151.63
rf_w90,1,40,85,103.0,115.47666666666667
rf_w90,1,40,122,66.0,77.58
rf_w90,1,40,150,38.0,52.123333333333335
rf_w90,1,40,179,9.0,34.05
rf_w90,1,47,54,160.0,168.43333333333334
rf_w90,1,47,96,118.0,139.01333333333332
rf_w90,1,47,139,75.0,100.83333333333333
rf_w90,1,47,171,43.0,56.516666666666666
rf_w90,1,47,203,11.0,37.46333333333333
rf_w90,1,59,58,173.0,156.81666666666666
rf_w90,1,59,104,127.0,118.99
rf_w90,1,59,150,81.0,110.80333333333333
rf_w90,1,59,185,46.0,66.53333333333333
rf_w90,1,59,219,12.0,40.56333333333333
rf_w90,1,66,50,152.0,158.21
rf_w90,1,66,91,111.0,109.10333333333334
rf_w90,1,66,131,71.0,74.47666666666667
rf_w90,1,66,162,40.0,64.91
rf_w90,1,66,192,10.0,43.99333333333333
rf_w90,1,68,50,149.0,143.25333333333333
rf_w90,1,68,90,109.0,109.57
rf_w90,1,68,129,70.0,78.65
rf_w90,1,68,159,40.0,61.31666666666667
rf_w90,1,68,189,10.0,37.973333333333336
rf_w90,1,69,90,272.0,153.6
rf_w90,1,69,163,199.0,175.44333333333333
rf_w90,1,69,235,127.0,100.38333333333334
rf_w90,1,69,290,72.0,81.30333333333333
rf_w90,1,69,344,18.0,71.59
rf_w90,1,72,53,160.0,156.83666666666667
rf_w90,1,72,96,117.0,158.31
rf_w90,1,72,138,75.0,79.65
rf_w90,1,72,170,43.0,56.99666666666667
rf_w90,1,72,202,11.0,45.63666666666666
rf_w90,1,76,52,158.0,119.42
rf_w90,1,76,94,116.0,114.80666666666667
rf_w90,1,76,136,74.0,91.18
rf_w90,1,76,168,42.0,67.11333333333333
rf_w90,1,76,200,10.0,46.43333333333333
rf_w90,1,79,50,149.0,160.29
rf_w90,1,79,90,109.0,139.61333333333334
rf_w90,1,79,129,70.0,101.02
rf_w90,1,79,159,40.0,53.95666666666666
rf_w90,1,79,189,10.0,18.68
rf_w90,1,83,73,220.0,169.31333333333333
rf_w90,1,83,132,161.0,157.46666666666667
rf_w90,1,83,190,103.0,113.48333333333333
rf_w90,1,83,234,59.0,83.67666666666666
rf_w90,1,83,278,15.0,50.67
rf_w90,1,86,70,208.0,125.50333333333333
rf_w90,1,86,125,153.0,167.99
rf_w90,1,86,181,97.0,94.11666666666666
rf_w90,1,86,222,56.0,73.01666666666667
rf_w90,1,86,264,14.0,56.526666666666664
rf_w90,1,95,71,212.0,146.13333333333333
rf_w90,1,95,127,156.0,146.67666666666668
rf_w90,1,95,184,99.0,117.66
rf_w90,1,95,226,57.0,77.36333333333333
rf_w90,1,95,269,14.0,53.99
rf_w90,2,2,72,215.0,172.24
rf_w90,2,2,129,158.0,147.15
rf_w90,2,2,187,100.0,118.46333333333334
rf_w90,2,2,230,57.0,84.96333333333334
rf_w90,2,2,273,14.0,33.306666666666665
rf_w90,2,9,50,151.0,165.37666666666667
rf_w90,2,9,90,111.0,156.65
rf_w90,2,9,131,70.0,103.37333333333333
rf_w90,2,9,161,40.0,94.44333333333333
rf_w90,2,9,191,10.0,27.85333333333333
rf_w90,2,13,41,122.0,156.82333333333332
rf_w90,2,13,73,90.0,124.58666666666667
rf_w90,2,13,106,57.0,80.80333333333333
rf_w90,2,13,130,33.0,54.99666666666667
rf_w90,2,13,155,8.0,24.893333333333334
rf_w90,2,19,40,118.0,150.51666666666668
rf_w90,2,19,71,87.0,113.83
rf_w90,2,19,103,55.0,66.21333333333334
rf_w90,2,19,126,32.0,40.166666666666664
rf_w90,2,19,150,8.0,24.46
rf_w90,2,25,58,172.0,136.50666666666666
rf_w90,2,25,104,126.0,124.96666666666667
rf_w90,2,25,150,80.0,92.03333333333333
rf_w90,2,25,184,46.0,73.34
rf_w90,2,25,218,12.0,30.34
rf_w90,2,39,32,96.0,153.78333333333333
rf_w90,2,39,58,70.0,128.50333333333333
rf_w90,2,39,83,45.0,56.416666666666664
rf_w90,2,39,102,26.0,37.85666666666667
rf_w90,2,39,122,6.0,13.466666666666667
rf_w90,2,43,52,155.0,164.20666666666668
rf_w90,2,43,93,114.0,127.64666666666666
rf_w90,2,43,135,72.0,104.43333333333334
rf_w90,2,43,166,41.0,60.163333333333334
rf_w90,2,43,197,10.0,23.403333333333332
rf_w90,2,48,58,173.0,164.4
rf_w90,2,48,104,127.0,141.54
rf_w90,2,48,150,81.0,131.02666666666667
rf_w90,2,48,185,46.0,96.82666666666667
rf_w90,2,48,219,12.0,36.72666666666667
rf_w90,2,51,53,160.0,159.52666666666667
rf_w90,2,51,96,117.0,132.36666666666667
rf_w90,2,51,138,75.0,109.26
rf_w90,2,51,170,43.0,87.52
rf_w90,2,51,202,11.0,38.39666666666667
rf_w90,2,53,49,146.0,196.01333333333332
rf_w90,2,53,88,107.0,124.56
rf_w90,2,53,127,68.0,86.58333333333333
rf_w90,2,53,156,39.0,54.623333333333335
rf_w90,2,53,185,10.0,26.636666666666667
rf_w90,2,55,48,145.0,141.89666666666668
rf_w90,2,55,87,106.0,112.79
rf_w90,2,55,125,68.0,80.18
rf_w90,2,55,154,39.0,84.83
rf_w90,2,55,183,10.0,38.54
rf_w90,2,57,34,103.0,196.23333333333332
rf_w90,2,57,62,75.0,128.78666666666666
rf_w90,2,57,89,48.0,63.696666666666665
rf_w90,2,57,110,27.0,37.86
rf_w90,2,57,130,7.0,15.9
rf_w90,2,60,43,129.0,163.86666666666667
rf_w90,2,60,77,95.0,150.27333333333334
rf_w90,2,60,112,60.0,89.69666666666667
rf_w90,2,60,138,34.0,55.70666666666666
rf_w90,2,60,163,9.0,24.126666666666665
rf_w90,2,75,57,172.0,131.81666666666666
rf_w90,2,75,103,126.0,116.99
rf_w90,2,75,149,80.0,88.75333333333333
rf_w90,2,75,183,46.0,53.02
rf_w90,2,75,218,11.0,38.08
rf_w90,2,78,58,173.0,174.20333333333335
rf_w90,2,78,104,127.0,104.00333333333333
rf_w90,2,78,150,81.0,92.23333333333333
rf_w90,2,78,185,46.0,72.92
rf_w90,2,78,219,12.0,29.09
rf_w90,2,99,46,139.0,196.06666666666666
rf_w90,2,99,83,102.0,165.1
rf_w90,2,99,120,65.0,95.43666666666667
rf_w90,2,99,148,37.0,53.54
rf_w90,2,99,176,9.0,19.04
rf_w90,2,100,50,150.0,176.25
rf_w90,2,100,90,110.0,126.01
rf_w90,2,100,130,70.0,100.53333333333333
rf_w90,2,100,160,40.0,48.29
rf_w90,2,100,190,10.0,27.08
rf_w90,3,3,45,134.0,146.37
rf_w90,3,3,81,98.0,116.23
rf_w90,3,3,116,63.0,80.04333333333334
rf_w90,3,3,143,36.0,49.56
rf_w90,3,3,170,9.0,18.52
rf_w90,3,6,47,141.0,130.46666666666667
rf_w90,3,6,85,103.0,94.27
rf_w90,3,6,122,66.0,77.37666666666667
rf_w90,3,6,150,38.0,45.5
rf_w90,3,6,179,9.0,17.2
rf_w90,3,7,65,194.0,139.56333333333333
rf_w90,3,7,117,142.0,134.82
rf_w90,3,7,168,91.0,105.51
rf_w90,3,7,207,52.0,50.88333333333333
rf_w90,3,7,246,13.0,25.886666666666667
rf_w90,3,8,38,112.0,132.84
rf_w90,3,8,68,82.0,120.27666666666667
rf_w90,3,8,98,52.0,78.48
rf_w90,3,8,120,30.0,44.43
rf_w90,3,8,142,8.0,17.69
rf_w90,3,10,56,166.0,153.75333333333333
rf_w90,3,10,100,122.0,133.55333333333334
rf_w90,3,10,144,78.0,107.03333333333333
rf_w90,3,10,178,44.0,45.123333333333335
rf_w90,3,10,211,11.0,24.06
rf_w90,3,17,69,207.0,137.92666666666668
rf_w90,3,17,124,152.0,143.84
rf_w90,3,17,179,97.0,101.03333333333333
rf_w90,3,17,221,55.0,76.03333333333333
rf_w90,3,17,262,14.0,28.553333333333335
rf_w90,3,24,37,110.0,157.81333333333333
rf_w90,3,24,66,81.0,212.96333333333334
rf_w90,3,24,96,51.0,92.26666666666667
rf_w90,3,24,118,29.0,35.95333333333333
rf_w90,3,24,140,7.0,14.973333333333333
rf_w90,3,26,50,149.0,147.92333333333335
rf_w90,3,26,90,109.0,91.74
rf_w90,3,26,129,70.0,83.77333333333333
rf_w90,3,26,159,40.0,58.21666666666667
rf_w90,3,26,189,10.0,22.60333333333333
rf_w90,3,41,54,162.0,202.39666666666668
rf_w90,3,41,97,119.0,159.44666666666666
rf_w90,3,41,140,76.0,88.32666666666667
rf_w90,3,41,173,43.0,53.83
rf_w90,3,41,205,11.0,20.973333333333333
rf_w90,3,45,40,118.0,208.08333333333334
rf_w90,3,45,71,87.0,193.68666666666667
rf_w90,3,45,103,55.0,75.54666666666667
rf_w90,3,45,126,32.0,41.58
rf_w90,3,45,150,8.0,14.2
rf_w90,3,52,53,160.0,126.74666666666667
rf_w90,3,52,96,117.0,116.04333333333334
rf_w90,3,52,138,75.0,88.07333333333334
rf_w90,3,52,170,43.0,58.25666666666667
rf_w90,3,52,202,11.0,17.666666666666668
rf_w90,3,56,69,206.0,132.97666666666666
rf_w90,3,56,124,151.0,118.61333333333333
rf_w90,3,56,179,96.0,92.85333333333334
rf_w90,3,56,220,55.0,76.35
rf_w90,3,56,261,14.0,61.56333333333333
rf_w90,3,62,45,135.0,157.19666666666666
rf_w90,3,62,81,99.0,118.25666666666666
rf_w90,3,62,117,63.0,88.64333333333333
rf_w90,3,62,144,36.0,64.67333333333333
rf_w90,3,62,171,9.0,19.886666666666667
rf_w90,3,73,53,160.0,144.41666666666666
rf_w90,3,73,96,117.0,122.27333333333333
rf_w90,3,73,138,75.0,100.74333333333334
rf_w90,3,73,170,43.0,61.513333333333335
rf_w90,3,73,202,11.0,19.61
rf_w90,3,87,44,134.0,117.23333333333333
rf_w90,3,87,80,98.0,86.58
rf_w90,3,87,116,62.0,79.72666666666667
rf_w90,3,87,142,36.0,43.03333333333333
rf_w90,3,87,169,9.0,20.616666666666667
rf_w90,3,90,38,116.0,156.46
rf_w90,3,90,69,85.0,114.08666666666667
rf_w90,3,90,100,54.0,60.57666666666667
rf_w90,3,90,123,31.0,36.233333333333334
rf_w90,3,90,146,8.0,18.016666666666666
rf_w90,3,91,34,101.0,161.95
rf_w90,3,91,61,74.0,122.22666666666667
rf_w90,3,91,88,47.0,88.27666666666667
rf_w90,3,91,108,27.0,41.96333333333333
rf_w90,3,91,128,7.0,14.64
rf_w90,4,1,48,144.0,147.46
rf_w90,4,1,86,106.0,111.98
rf_w90,4,1,125,67.0,94.58666666666667
rf_w90,4,1,154,38.0,53.24666666666667
rf_w90,4,1,182,10.0,25.17
rf_w90,4,11,60,180.0,157.10666666666665
rf_w90,4,11,108,132.0,165.77
rf_w90,4,11,156,84.0,98.06
rf_w90,4,11,192,48.0,63.42666666666667
rf_w90,4,11,228,12.0,31.83
rf_w90,4,23,42,126.0,152.00333333333333
rf_w90,4,23,76,92.0,102.26666666666667
rf_w90,4,23,109,59.0,93.81666666666666
rf_w90,4,23,134,34.0,48.93
rf_w90,4,23,160,8.0,26.06
rf_w90,4,28,41,124.0,162.28666666666666
rf_w90,4,28,74,91.0,160.24333333333334
rf_w90,4,28,107,58.0,83.76
rf_w90,4,28,132,33.0,52.99
rf_w90,4,28,157,8.0,15.913333333333334
rf_w90,4,44,48,144.0,166.07666666666665
rf_w90,4,44,86,106.0,123.12666666666667
rf_w90,4,44,125,67.0,102.23333333333333
rf_w90,4,44,154,38.0,56.81333333333333
rf_w90,4,44,182,10.0,25.913333333333334
rf_w90,4,54,64,193.0,152.78333333333333
rf_w90,4,54,116,141.0,150.31666666666666
rf_w90,4,54,167,90.0,102.37666666666667
rf_w90,4,54,206,51.0,65.37666666666667
rf_w90,4,54,244,13.0,31.783333333333335
rf_w90,4,58,37,110.0,162.73333333333332
rf_w90,4,58,66,81.0,118.91333333333333
rf_w90,4,58,96,51.0,71.67333333333333
rf_w90,4,58,118,29.0,41.29333333333334
rf_w90,4,58,140,7.0,15.126666666666667
rf_w90,4,61,46,139.0,200.43666666666667
rf_w90,4,61,83,102.0,148.26666666666668
rf_w90,4,61,120,65.0,91.92
rf_w90,4,61,148,37.0,55.22666666666667
rf_w90,4,61,176,9.0,15.263333333333334
rf_w90,4,63,44,130.0,158.81
rf_w90,4,63,78,96.0,122.49333333333334
rf_w90,4,63,113,61.0,75.15666666666667
rf_w90,4,63,139,35.0,51.27
rf_w90,4,63,165,9.0,26.966666666666665
rf_w90,4,65,38,115.0,168.71333333333334
rf_w90,4,65,69,84.0,115.11666666666666
rf_w90,4,65,99,54.0,86.91666666666667
rf_w90,4,65,122,31.0,50.81
rf_w90,4,65,145,8.0,15.286666666666667
rf_w90,4,67,78,235.0,117.02333333333333
rf_w90,4,67,141,172.0,167.35333333333332
rf_w90,4,67,203,110.0,126.82333333333334
rf_w90,4,67,250,63.0,114.21333333333334
rf_w90,4,67,297,16.0,69.70333333333333
rf_w90,4,70,34,103.0,143.52333333333334
rf_w90,4,70,62,75.0,132.28333333333333
rf_w90,4,70,89,48.0,105.23
rf_w90,4,70,110,27.0,45.35666666666667
rf_w90,4,70,130,7.0,14.723333333333333
rf_w90,4,71,52,156.0,123.04
rf_w90,4,71,94,114.0,106.75333333333333
rf_w90,4,71,135,73.0,78.11666666666666
rf_w90,4,71,166,42.0,57.053333333333335
rf_w90,4,71,198,10.0,37.32666666666667
rf_w90,4,82,54,160.0,162.85333333333332
rf_w90,4,82,96,118.0,135.73333333333332
rf_w90,4,82,139,75.0,90.07
rf_w90,4,82,171,43.0,57.85666666666667
rf_w90,4,82,203,11.0,28.18
rf_w90,4,85,47,141.0,181.89
rf_w90,4,85,85,103.0,114.70666666666666
rf_w90,4,85,122,66.0,75.74666666666667
rf_w90,4,85,150,38.0,59.03333333333333
rf_w90,4,85,179,9.0,29.983333333333334
rf_w90,4,92,85,256.0,125.66
rf_w90,4,92,153,188.0,172.2
rf_w90,4,92,222,119.0,153.25666666666666
rf_w90,4,92,273,68.0,88.15
rf_w90,4,92,324,17.0,59.06333333333333
rf_w90,4,94,64,194.0,120.70666666666666
rf_w90,4,94,116,142.0,115.68333333333334
rf_w90,4,94,168,90.0,87.54
rf_w90,4,94,206,52.0,65.39666666666666
rf_w90,4,94,245,13.0,57.5
rf_w90,5,4,47,142.0,136.03666666666666
rf_w90,5,4,85,104.0,118.66333333333333
rf_w90,5,4,123,66.0,84.39
rf_w90,5,4,151,38.0,62.07666666666667
rf_w90,5,4,180,9.0,32.81666666666667
rf_w90,5,5,67,202.0,146.55333333333334
rf_w90,5,5,121,148.0,125.85333333333334
rf_w90,5,5,175,94.0,100.08333333333333
rf_w90,5,5,215,54.0,67.28333333333333
rf_w90,5,5,256,13.0,39.97666666666667
rf_w90,5,12,42,128.0,182.13666666666666
rf_w90,5,12,76,94.0,120.47
rf_w90,5,12,110,60.0,84.00666666666666
rf_w90,5,12,136,34.0,44.74666666666667
rf_w90,5,12,162,8.0,29.596666666666668
rf_w90,5,14,45,135.0,138.65333333333334
rf_w90,5,14,81,99.0,109.82
rf_w90,5,14,117,63.0,77.29333333333334
rf_w90,5,14,144,36.0,50.02333333333333
rf_w90,5,14,171,9.0,32.85333333333333
rf_w90,5,15,52,155.0,148.26
rf_w90,5,15,93,114.0,122.61666666666666
rf_w90,5,15,135,72.0,92.21666666666667
rf_w90,5,15,166,41.0,59.98
rf_w90,5,15,197,10.0,19.976666666666667
rf_w90,5,18,49,146.0,185.23333333333332
rf_w90,5,18,88,107.0,125.96333333333334
rf_w90,5,18,127,68.0,87.77
rf_w90,5,18,156,39.0,63.526666666666664
rf_w90,5,18,185,10.0,32.093333333333334
rf_w90,5,30,48,146.0,146.95
rf_w90,5,30,87,107.0,137.69666666666666
rf_w90,5,30,126,68.0,111.52333333333333
rf_w90,5,30,155,39.0,59.98
rf_w90,5,30,184,10.0,21.44333333333333
rf_w90,5,32,48,143.0,183.04
rf_w90,5,32,86,105.0,132.38
rf_w90,5,32,124,67.0,79.53333333333333
rf_w90,5,32,153,38.0,59.89
rf_w90,5,32,181,10.0,37.00666666666667
rf_w90,5,35,45,136.0,139.62333333333333
rf_w90,5,35,81,100.0,108.16333333333333
rf_w90,5,35,118,63.0,75.33666666666667
rf_w90,5,35,145,36.0,50.263333333333335
rf_w90,5,35,172,9.0,25.93
rf_w90,5,37,42,128.0,145.82
rf_w90,5,37,76,94.0,99.06333333333333
rf_w90,5,37,110,60.0,67.31666666666666
rf_w90,5,37,136,34.0,46.836666666666666
rf_w90,5,37,162,8.0,24.92
rf_w90,5,42,49,147.0,129.15
rf_w90,5,42,88,108.0,148.01666666666668
rf_w90,5,42,127,69.0,74.56
rf_w90,5,42,157,39.0,56.47
rf_w90,5,42,186,10.0,31.05666666666667
rf_w90,5,64,71,212.0,115.75
rf_w90,5,64,127,156.0,145.64666666666668
rf_w90,5,64,184,99.0,114.93
rf_w90,5,64,226,57.0,71.27666666666667
rf_w90,5,64,269,14.0,53.22
rf_w90,5,74,42,124.0,178.42666666666668
rf_w90,5,74,75,91.0,140.00666666666666
rf_w90,5,74,108,58.0,86.51
rf_w90,5,74,133,33.0,51.47
rf_w90,5,74,158,8.0,19.073333333333334
rf_w90,5,80,46,139.0,147.6
rf_w90,5,80,83,102.0,121.63333333333334
rf_w90,5,80,120,65.0,92.86333333333333
rf_w90,5,80,148,37.0,70.02666666666667
rf_w90,5,80,176,9.0,41.63
rf_w90,5,89,54,163.0,150.0
rf_w90,5,89,98,119.0,115.88333333333334
rf_w90,5,89,141,76.0,102.88
rf_w90,5,89,174,43.0,64.64
rf_w90,5,89,206,11.0,34.626666666666665
rf_w90,5,96,84,252.0,119.17
rf_w90,5,96,151,185.0,158.19
rf_w90,5,96,218,118.0,125.34666666666666
rf_w90,5,96,269,67.0,82.20333333333333
rf_w90,5,96,319,17.0,62.60333333333333
rf_w90,5,98,39,117.0,177.33
rf_w90,5,98,70,86.0,81.01333333333334
rf_w90,5,98,101,55.0,64.78333333333333
rf_w90,5,98,125,31.0,33.95666666666666
rf_w90,5,98,148,8.0,13.28
xgb_w60_d6,1,16,52,157.0,95.65028381347656
xgb_w60_d6,1,16,94,115.0,91.66445922851562
xgb_w60_d6,1,16,136,73.0,87.35956573486328
xgb_w60_d6,1,16,167,42.0,80.7286148071289
xgb_w60_d6,1,16,199,10.0,54.6314582824707
xgb_w60_d6,1,20,58,176.0,122.90058898925781
xgb_w60_d6,1,20,105,129.0,120.4467544555664
xgb_w60_d6,1,20,152,82.0,96.70854187011719
xgb_w60_d6,1,20,187,47.0,78.41472625732422
xgb_w60_d6,1,20,222,12.0,63.27821350097656
xgb_w60_d6,1,21,49,146.0,122.00165557861328
xgb_w60_d6,1,21,88,107.0,137.04022216796875
xgb_w60_d6,1,21,127,68.0,80.74273681640625
xgb_w60_d6,1,21,156,39.0,63.006065368652344
xgb_w60_d6,1,21,185,10.0,52.00699996948242
xgb_w60_d6,1,29,41,122.0,135.3234405517578
xgb_w60_d6,1,29,73,90.0,96.76935577392578
xgb_w60_d6,1,29,106,57.0,72.42156219482422
xgb_w60_d6,1,29,130,33.0,56.39817810058594
xgb_w60_d6,1,29,155,8.0,30.021528244018555
xgb_w60_d6,1,36,40,118.0,150.8625030517578
xgb_w60_d6,1,36,71,87.0,100.82770538330078
xgb_w60_d6,1,36,103,55.0,67.51578521728516
xgb_w60_d6,1,36,126,32.0,48.46514129638672
xgb_w60_d6,1,36,150,8.0,29.660558700561523
xgb_w60_d6,1,40,47,141.0,149.13897705078125
xgb_w60_d6,1,40,85,103.0,115.16600799560547
xgb_w60_d6,1,40,122,66.0,80.23756408691406
xgb_w60_d6,1,40,150,38.0,59.44966506958008
xgb_w60_d6,1,40,179,9.0,50.52670669555664
xgb_w60_d6,1,47,54,160.0,168.37071228027344
xgb_w60_d6,1,47,96,118.0,150.22970581054688
xgb_w60_d6,1,47,139,75.0,110.95585632324219
xgb_w60_d6,1,47,171,43.0,69.94612121582031
xgb_w60_d6,1,47,203,11.0,38.25745391845703
xgb_w60_d6,1,59,58,173.0,148.96954345703125
xgb_w60_d6,1,59,104,127.0,128.4809112548828
xgb_w60_d6,1,59,150,81.0,123.07340240478516
xgb_w60_d6,1,59,185,46.0,81.56159210205078
xgb_w60_d6,1,59,219,12.0,45.16350555419922
xgb_w60_d6,1,66,50,152.0,140.6533660888672
xgb_w60_d6,1,66,91,111.0,105.18402862548828
xgb_w60_d6,1,66,131,71.0,83.9953384399414
xgb_w60_d6,1,66,162,40.0,73.05780792236328
xgb_w60_d6,1,66,192,10.0,58.818233489990234
xgb_w60_d6,1,68,50,149.0,142.62095642089844
xgb_w60_d6,1,68,90,109.0,114.66873168945312
xgb_w60_d6,1,68,129,70.0,70.50714874267578
xgb_w60_d6,1,68,159,40.0,55.52129364013672
xgb_w60_d6,1,68,189,10.0,47.164493560791016
xgb_w60_d6,1,69,90,272.0,153.42715454101562
xgb_w60_d6,1,69,163,199.0,155.70404052734375
xgb_w60_d6,1,69,235,127.0,121.39801025390625
xgb_w60_d6,1,69,290,72.0,99.40641021728516
xgb_w60_d6,1,69,344,18.0,72.61784362792969
xgb_w60_d6,1,72,53,160.0,166.5906982421875
xgb_w60_d6,1,72,96,117.0,163.6236572265625
xgb_w60_d6,1,72,138,75.0,107.03558349609375
xgb_w60_d6,1,72,170,43.0,68.01564025878906
xgb_w60_d6,1,72,202,11.0,38.13943862915039
xgb_w60_d6,1,76,52,158.0,130.4906463623047
xgb_w60_d6,1,76,94,116.0,106.77476501464844
xgb_w60_d6,1,76,136,74.0,84.26563262939453
xgb_w60_d6,1,76,168,42.0,64.80397033691406
xgb_w60_d6,1,76,200,10.0,54.39090347290039
xgb_w60_d6,1,79,50,149.0,157.9280242919922
xgb_w60_d6,1,79,90,109.0,143.2357940673828
xgb_w60_d6,1,79,129,70.0,105.13682556152344
xgb_w60_d6,1,79,159,40.0,67.41645050048828
xgb_w60_d6,1,79,189,10.0,33.931453704833984
xgb_w60_d6,1,83,73,220.0,164.5012969970703
xgb_w60_d6,1,83,132,161.0,155.9286651611328
xgb_w60_d6,1,83,190,103.0,134.6659698486328
xgb_w60_d6,1,83,234,59.0,84.5810775756836
xgb_w60_d6,1,83,278,15.0,63.25810241699219
xgb_w60_d6,1,86,70,208.0,143.4506072998047
xgb_w60_d6,1,86,125,153.0,148.66270446777344
xgb_w60_d6,1,86,181,97.0,97.12397003173828
xgb_w60_d6,1,86,222,56.0,77.22198486328125
xgb_w60_d6,1,86,264,14.0,64.14051818847656
xgb_w60_d6,1,95,71,212.0,154.34974670410156
xgb_w60_d6,1,95,127,156.0,149.27703857421875
xgb_w60_d6,1,95,184,99.0,112.31934356689453
xgb_w60_d6,1,95,226,57.0,78.6117172241211
xgb_w60_d6,1,95,269,14.0,54.4650764465332
xgb_w60_d6,2,2,72,215.0,176.28416442871094
xgb_w60_d6,2,2,129,158.0,162.4618682861328
xgb_w60_d6,2,2,187,100.0,128.9242706298828
xgb_w60_d6,2,2,230,57.0,106.91015625
xgb_w60_d6,2,2,273,14.0,61.686790466308594
xgb_w60_d6,2,9,50,151.0,142.4796142578125
xgb_w60_d6,2,9,90,111.0,155.22752380371094
xgb_w60_d6,2,9,131,70.0,116.5465087890625
xgb_w60_d6,2,9,161,40.0,81.68785095214844
xgb_w60_d6,2,9,191,10.0,54.72992706298828
xgb_w60_d6,2,13,41,122.0,148.1042938232422
xgb_w60_d6,2,13,73,90.0,132.9476318359375
xgb_w60_d6,2,13,106,57.0,86.36024475097656
xgb_w60_d6,2,13,130,33.0,64.49745178222656
xgb_w60_d6,2,13,155,8.0,46.57020568847656
xgb_w60_d6,2,19,40,118.0,135.024169921875
xgb_w60_d6,2,19,71,87.0,109.94137573242188
xgb_w60_d6,2,19,103,55.0,72.78141021728516
xgb_w60_d6,2,19,126,32.0,58.16219711303711
xgb_w60_d6,2,19,150,8.0,35.92920684814453
xgb_w60_d6,2,25,58,172.0,146.973876953125
xgb_w60_d6,2,25,104,126.0,125.81512451171875
xgb_w60_d6,2,25,150,80.0,99.71920013427734
xgb_w60_d6,2,25,184,46.0,79.7446517944336
xgb_w60_d6,2,25,218,12.0,64.80393981933594
xgb_w60_d6,2,39,32,96.0,155.6750946044922
xgb_w60_d6,2,39,58,70.0,114.53861236572266
xgb_w60_d6,2,39,83,45.0,71.68931579589844
xgb_w60_d6,2,39,102,26.0,45.02561569213867
xgb_w60_d6,2,39,122,6.0,25.45339584350586
xgb_w60_d6,2,43,52,155.0,162.67308044433594
xgb_w60_d6,2,43,93,114.0,130.19752502441406
xgb_w60_d6,2,43,135,72.0,103.40848541259766
xgb_w60_d6,2,43,166,41.0,85.09069061279297
xgb_w60_d6,2,43,197,10.0,41.70304870605469
xgb_w60_d6,2,48,58,173.0,151.89764404296875
xgb_w60_d6,2,48,104,127.0,131.9915313720703
xgb_w60_d6,2,48,150,81.0,104.61092376708984
xgb_w60_d6,2,48,185,46.0,93.42007446289062
xgb_w60_d6,2,48,219,12.0,68.66942596435547
xgb_w60_d6,2,51,53,160.0,163.1326904296875
xgb_w60_d6,2,51,96,117.0,142.151611328125
xgb_w60_d6,2,51,138,75.0,115.97058868408203
xgb_w60_d6,2,51,170,43.0,101.42723846435547
xgb_w60_d6,2,51,202,11.0,64.71709442138672
xgb_w60_d6,2,53,49,146.0,202.0024871826172
xgb_w60_d6,2,53,88,107.0,188.18519592285156
xgb_w60_d6,2,53,127,68.0,89.57044219970703
xgb_w60_d6,2,53,156,39.0,73.98699951171875
xgb_w60_d6,2,53,185,10.0,55.383602142333984
xgb_w60_d6,2,55,48,145.0,146.74688720703125
xgb_w60_d6,2,55,87,106.0,127.7261962890625
xgb_w60_d6,2,55,125,68.0,93.87020874023438
xgb_w60_d6,2,55,154,39.0,76.34709930419922
xgb_w60_d6,2,55,183,10.0,63.357933044433594
xgb_w60_d6,2,57,34,103.0,183.77210998535156
xgb_w60_d6,2,57,62,75.0,131.87367248535156
xgb_w60_d6,2,57,89,48.0,83.35066986083984
xgb_w60_d6,2,57,110,27.0,51.316654205322266
xgb_w60_d6,2,57,130,7.0,24.132169723510742
xgb_w60_d6,2,60,43,129.0,166.32444763183594
xgb_w60_d6,2,60,77,95.0,131.57571411132812
xgb_w60_d6,2,60,112,60.0,107.2785873413086
xgb_w60_d6,2,60,138,34.0,68.74220275878906
xgb_w60_d6,2,60,163,9.0,44.19099807739258
xgb_w60_d6,2,75,57,172.0,135.36756896972656
xgb_w60_d6,2,75,103,126.0,121.29443359375
xgb_w60_d6,2,75,149,80.0,96.11678314208984
xgb_w60_d6,2,75,183,46.0,79.77735137939453
xgb_w60_d6,2,75,218,11.0,65.53511810302734
xgb_w60_d6,2,78,58,173.0,161.3221893310547
xgb_w60_d6,2,78,104,127.0,139.98110961914062
xgb_w60_d6,2,78,150,81.0,112.57551574707031
xgb_w60_d6,2,78,185,46.0,94.1683578491211
xgb_w60_d6,2,78,219,12.0,45.66536331176758
xgb_w60_d6,2,99,46,139.0,211.4449920654297
xgb_w60_d6,2,99,83,102.0,151.4539031982422
xgb_w60_d6,2,99,120,65.0,106.9676742553711
xgb_w60_d6,2,99,148,37.0,71.523193359375
xgb_w60_d6,2,99,176,9.0,37.05866241455078
xgb_w60_d6,2,100,50,150.0,145.1789093017578
xgb_w60_d6,2,100,90,110.0,142.40098571777344
xgb_w60_d6,2,100,130,70.0,114.099853515625
xgb_w60_d6,2,100,160,40.0,74.60132598876953
xgb_w60_d6,2,100,190,10.0,44.06682586669922
xgb_w60_d6,3,3,45,134.0,172.8335418701172
xgb_w60_d6,3,3,81,98.0,134.2347412109375
xgb_w60_d6,3,3,116,63.0,85.84114837646484
xgb_w60_d6,3,3,143,36.0,61.78386306762695
xgb_w60_d6,3,3,170,9.0,36.2800407409668
xgb_w60_d6,3,6,47,141.0,152.38722229003906
xgb_w60_d6,3,6,85,103.0,96.97779846191406
xgb_w60_d6,3,6,122,66.0,86.43389129638672
xgb_w60_d6,3,6,150,38.0,69.50292205810547
xgb_w60_d6,3,6,179,9.0,41.939327239990234
xgb_w60_d6,3,7,65,194.0,147.09983825683594
xgb_w60_d6,3,7,117,142.0,129.81126403808594
xgb_w60_d6,3,7,168,91.0,115.05693054199219
xgb_w60_d6,3,7,207,52.0,99.2654800415039
xgb_w60_d6,3,7,246,13.0,55.53463363647461
xgb_w60_d6,3,8,38,112.0,157.14828491210938
xgb_w60_d6,3,8,68,82.0,121.49982452392578
xgb_w60_d6,3,8,98,52.0,88.98892974853516
xgb_w60_d6,3,8,120,30.0,72.13823699951172
xgb_w60_d6,3,8,142,8.0,32.32807159423828
xgb_w60_d6,3,10,56,166.0,168.97064208984375
xgb_w60_d6,3,10,100,122.0,146.7342987060547
xgb_w60_d6,3,10,144,78.0,113.52291870117188
xgb_w60_d6,3,10,178,44.0,73.74824523925781
xgb_w60_d6,3,10,211,11.0,37.63926696777344
xgb_w60_d6,3,17,69,207.0,131.1020965576172
xgb_w60_d6,3,17,124,152.0,125.88961029052734
xgb_w60_d6,3,17,179,97.0,104.93498229980469
xgb_w60_d6,3,17,221,55.0,90.71649169921875
xgb_w60_d6,3,17,262,14.0,68.18883514404297
xgb_w60_d6,3,24,37,110.0,149.709228515625
xgb_w60_d6,3,24,66,81.0,118.56537628173828
xgb_w60_d6,3,24,96,51.0,86.99382781982422
xgb_w60_d6,3,24,118,29.0,51.5378303527832
xgb_w60_d6,3,24,140,7.0,23.70918083190918
xgb_w60_d6,3,26,50,149.0,139.86329650878906
xgb_w60_d6,3,26,90,109.0,92.1343994140625
xgb_w60_d6,3,26,129,70.0,80.49715423583984
xgb_w60_d6,3,26,159,40.0,67.61678314208984
xgb_w60_d6,3,26,189,10.0,57.983489990234375
xgb_w60_d6,3,41,54,162.0,160.1833953857422
xgb_w60_d6,3,41,97,119.0,128.46368408203125
xgb_w60_d6,3,41,140,76.0,98.84335327148438
xgb_w60_d6,3,41,173,43.0,75.4382553100586
xgb_w60_d6,3,41,205,11.0,45.255340576171875
xgb_w60_d6,3,45,40,118.0,179.51226806640625
xgb_w60_d6,3,45,71,87.0,143.51133728027344
xgb_w60_d6,3,45,103,55.0,73.89877319335938
xgb_w60_d6,3,45,126,32.0,54.72858810424805
xgb_w60_d6,3,45,150,8.0,22.70547103881836
xgb_w60_d6,3,52,53,160.0,127.71682739257812
xgb_w60_d6,3,52,96,117.0,123.34664916992188
xgb_w60_d6,3,52,138,75.0,102.05691528320312
xgb_w60_d6,3,52,170,43.0,73.63887786865234
xgb_w60_d6,3,52,202,11.0,63.62253189086914
xgb_w60_d6,3,56,69,206.0,139.21121215820312
xgb_w60_d6,3,56,124,151.0,98.17828369140625
xgb_w60_d6,3,56,179,96.0,77.71710968017578
xgb_w60_d6,3,56,220,55.0,73.00413513183594
xgb_w60_d6,3,56,261,14.0,61.64545822143555
xgb_w60_d6,3,62,45,135.0,171.2834930419922
xgb_w60_d6,3,62,81,99.0,121.5835952758789
xgb_w60_d6,3,62,117,63.0,103.31385040283203
xgb_w60_d6,3,62,144,36.0,76.38396453857422
xgb_w60_d6,3,62,171,9.0,49.40254592895508
xgb_w60_d6,3,73,53,160.0,150.16934204101562
xgb_w60_d6,3,73,96,117.0,107.97564697265625
xgb_w60_d6,3,73,138,75.0,81.90985107421875
xgb_w60_d6,3,73,170,43.0,77.83000946044922
xgb_w60_d6,3,73,202,11.0,67.60631561279297
xgb_w60_d6,3,87,44,134.0,122.7416000366211
xgb_w60_d6,3,87,80,98.0,111.280029296875
xgb_w60_d6,3,87,116,62.0,87.12873077392578
xgb_w60_d6,3,87,142,36.0,69.648193359375
xgb_w60_d6,3,87,169,9.0,32.07693099975586
xgb_w60_d6,3,90,38,116.0,161.96832275390625
xgb_w60_d6,3,90,69,85.0,134.41769409179688
xgb_w60_d6,3,90,100,54.0,69.91598510742188
xgb_w60_d6,3,90,123,31.0,51.19655227661133
xgb_w60_d6,3,90,146,8.0,26.637470245361328
xgb_w60_d6,3,91,34,101.0,145.64976501464844
xgb_w60_d6,3,91,61,74.0,107.87872314453125
xgb_w60_d6,3,91,88,47.0,69.87965393066406
xgb_w60_d6,3,91,108,27.0,55.480533599853516
xgb_w60_d6,3,91,128,7.0,28.5623722076416
xgb_w60_d6,4,1,48,144.0,142.39845275878906
xgb_w60_d6,4,1,86,106.0,136.93104553222656
xgb_w60_d6,4,1,125,67.0,102.82921600341797
xgb_w60_d6,4,1,154,38.0,72.47399139404297
xgb_w60_d6,4,1,182,10.0,28.806800842285156
xgb_w60_d6,4,11,60,180.0,162.45957946777344
xgb_w60_d6,4,11,108,132.0,150.07220458984375
xgb_w60_d6,4,11,156,84.0,114.58467864990234
xgb_w60_d6,4,11,192,48.0,85.18364715576172
xgb_w60_d6,4,11,228,12.0,57.135128021240234
xgb_w60_d6,4,23,42,126.0,160.38900756835938
xgb_w60_d6,4,23,76,92.0,127.65907287597656
xgb_w60_d6,4,23,109,59.0,98.889404296875
xgb_w60_d6,4,23,134,34.0,65.32825469970703
xgb_w60_d6,4,23,160,8.0,30.971616744995117
xgb_w60_d6,4,28,41,124.0,167.94515991210938
xgb_w60_d6,4,28,74,91.0,161.34803771972656
xgb_w60_d6,4,28,107,58.0,103.47112274169922
xgb_w60_d6,4,28,132,33.0,57.82826232910156
xgb_w60_d6,4,28,157,8.0,25.836441040039062
xgb_w60_d6,4,44,48,144.0,152.0261688232422
xgb_w60_d6,4,44,86,106.0,141.93568420410156
xgb_w60_d6,4,44,125,67.0,105.21975708007812
xgb_w60_d6,4,44,154,38.0,72.04476928710938
xgb_w60_d6,4,44,182,10.0,29.46778678894043
xgb_w60_d6,4,54,64,193.0,160.32440185546875
xgb_w60_d6,4,54,116,141.0,136.3572235107422
xgb_w60_d6,4,54,167,90.0,114.85466766357422
xgb_w60_d6,4,54,206,51.0,87.10713195800781
xgb_w60_d6,4,54,244,13.0,66.46485137939453
xgb_w60_d6,4,58,37,110.0,147.54525756835938
xgb_w60_d6,4,58,66,81.0,121.9324722290039
xgb_w60_d6,4,58,96,51.0,94.47019958496094
xgb_w60_d6,4,58,118,29.0,48.50169372558594
xgb_w60_d6,4,58,140,7.0,22.106700897216797
xgb_w60_d6,4,61,46,139.0,188.7703857421875
xgb_w60_d6,4,61,83,102.0,140.01571655273438
xgb_w60_d6,4,61,120,65.0,113.00840759277344
xgb_w60_d6,4,61,148,37.0,68.07249450683594
xgb_w60_d6,4,61,176,9.0,25.12774658203125
xgb_w60_d6,4,63,44,130.0,158.15338134765625
xgb_w60_d6,4,63,78,96.0,126.47767639160156
xgb_w60_d6,4,63,113,61.0,86.89401245117188
xgb_w60_d6,4,63,139,35.0,64.19889068603516
xgb_w60_d6,4,63,165,9.0,46.025245666503906
xgb_w60_d6,4,65,38,115.0,151.11224365234375
xgb_w60_d6,4,65,69,84.0,120.84716796875
xgb_w60_d6,4,65,99,54.0,99.12091827392578
xgb_w60_d6,4,65,122,31.0,65.67022705078125
xgb_w60_d6,4,65,145,8.0,24.971134185791016
xgb_w60_d6,4,67,78,235.0,131.6691131591797
xgb_w60_d6,4,67,141,172.0,132.90451049804688
xgb_w60_d6,4,67,203,110.0,118.30780792236328
xgb_w60_d6,4,67,250,63.0,114.0679931640625
xgb_w60_d6,4,67,297,16.0,82.00640106201172
xgb_w60_d6,4,70,34,103.0,148.3683319091797
xgb_w60_d6,4,70,62,75.0,141.48805236816406
xgb_w60_d6,4,70,89,48.0,102.20638275146484
xgb_w60_d6,4,70,110,27.0,49.2947998046875
xgb_w60_d6,4,70,130,7.0,20.43242073059082
xgb_w60_d6,4,71,52,156.0,143.52552795410156
xgb_w60_d6,4,71,94,114.0,102.9503173828125
xgb_w60_d6,4,71,135,73.0,92.11288452148438
xgb_w60_d6,4,71,166,42.0,70.75947570800781
xgb_w60_d6,4,71,198,10.0,60.999691009521484
xgb_w60_d6,4,82,54,160.0,175.6210479736328
xgb_w60_d6,4,82,96,118.0,167.44631958007812
xgb_w60_d6,4,82,139,75.0,106.9016342163086
xgb_w60_d6,4,82,171,43.0,68.99230194091797
xgb_w60_d6,4,82,203,11.0,41.893707275390625
xgb_w60_d6,4,85,47,141.0,160.39674377441406
xgb_w60_d6,4,85,85,103.0,145.07095336914062
xgb_w60_d6,4,85,122,66.0,100.26152801513672
xgb_w60_d6,4,85,150,38.0,71.25978088378906
xgb_w60_d6,4,85,179,9.0,34.16100311279297
xgb_w60_d6,4,92,85,256.0,155.49136352539062
xgb_w60_d6,4,92,153,188.0,156.0430908203125
xgb_w60_d6,4,92,222,119.0,125.75146484375
xgb_w60_d6,4,92,273,68.0,96.06194305419922
xgb_w60_d6,4,92,324,17.0,78.07122039794922
xgb_w60_d6,4,94,64,194.0,138.17189025878906
xgb_w60_d6,4,94,116,142.0,110.70499420166016
xgb_w60_d6,4,94,168,90.0,88.35633087158203
xgb_w60_d6,4,94,206,52.0,77.78228759765625
xgb_w60_d6,4,94,245,13.0,66.56544494628906
xgb_w60_d6,5,4,47,142.0,156.99110412597656
xgb_w60_d6,5,4,85,104.0,132.2263946533203
xgb_w60_d6,5,4,123,66.0,93.7212142944336
xgb_w60_d6,5,4,151,38.0,68.438232421875
xgb_w60_d6,5,4,180,9.0,51.4092903137207
xgb_w60_d6,5,5,67,202.0,157.94387817382812
xgb_w60_d6,5,5,121,148.0,138.48324584960938
xgb_w60_d6,5,5,175,94.0,106.37493133544922
xgb_w60_d6,5,5,215,54.0,81.40461730957031
xgb_w60_d6,5,5,256,13.0,57.90769958496094
xgb_w60_d6,5,12,42,128.0,172.88604736328125
xgb_w60_d6,5,12,76,94.0,122.24227142333984
xgb_w60_d6,5,12,110,60.0,91.1836166381836
xgb_w60_d6,5,12,136,34.0,59.99277114868164
xgb_w60_d6,5,12,162,8.0,34.543373107910156
xgb_w60_d6,5,14,45,135.0,144.98248291015625
xgb_w60_d6,5,14,81,99.0,120.4781723022461
xgb_w60_d6,5,14,117,63.0,90.63347625732422
xgb_w60_d6,5,14,144,36.0,66.55487823486328
xgb_w60_d6,5,14,171,9.0,40.82139205932617
xgb_w60_d6,5,15,52,155.0,150.92324829101562
xgb_w60_d6,5,15,93,114.0,136.6835174560547
xgb_w60_d6,5,15,135,72.0,115.50605773925781
xgb_w60_d6,5,15,166,41.0,65.59978485107422
xgb_w60_d6,5,15,197,10.0,36.989044189453125
xgb_w60_d6,5,18,49,146.0,161.52796936035156
xgb_w60_d6,5,18,88,107.0,126.8601303100586
xgb_w60_d6,5,18,127,68.0,88.28275299072266
xgb_w60_d6,5,18,156,39.0,75.82850646972656
xgb_w60_d6,5,18,185,10.0,48.3290901184082
xgb_w60_d6,5,30,48,146.0,159.00022888183594
xgb_w60_d6,5,30,87,107.0,141.4668426513672
xgb_w60_d6,5,30,126,68.0,126.96054077148438
xgb_w60_d6,5,30,155,39.0,77.23872375488281
xgb_w60_d6,5,30,184,10.0,40.16168212890625
xgb_w60_d6,5,32,48,143.0,157.73385620117188
xgb_w60_d6,5,32,86,105.0,129.124755859375
xgb_w60_d6,5,32,124,67.0,91.08405303955078
xgb_w60_d6,5,32,153,38.0,75.48924255371094
xgb_w60_d6,5,32,181,10.0,48.610111236572266
xgb_w60_d6,5,35,45,136.0,131.98208618164062
xgb_w60_d6,5,35,81,100.0,111.7643051147461
xgb_w60_d6,5,35,118,63.0,94.4671859741211
xgb_w60_d6,5,35,145,36.0,68.09515380859375
xgb_w60_d6,5,35,172,9.0,33.36342239379883
xgb_w60_d6,5,37,42,128.0,137.76034545898438
xgb_w60_d6,5,37,76,94.0,116.2672348022461
xgb_w60_d6,5,37,110,60.0,82.18668365478516
xgb_w60_d6,5,37,136,34.0,56.42416000366211
xgb_w60_d6,5,37,162,8.0,31.779237747192383
xgb_w60_d6,5,42,49,147.0,156.11863708496094
xgb_w60_d6,5,42,88,108.0,158.75674438476562
xgb_w60_d6,5,42,127,69.0,106.94233703613281
xgb_w60_d6,5,42,157,39.0,68.63117218017578
xgb_w60_d6,5,42,186,10.0,37.36537170410156
xgb_w60_d6,5,64,71,212.0,138.84182739257812
xgb_w60_d6,5,64,127,156.0,143.54896545410156
xgb_w60_d6,5,64,184,99.0,112.97530364990234
xgb_w60_d6,5,64,226,57.0,91.55696868896484
xgb_w60_d6,5,64,269,14.0,71.90116119384766
xgb_w60_d6,5,74,42,124.0,173.65830993652344
xgb_w60_d6,5,74,75,91.0,171.19424438476562
xgb_w60_d6,5,74,108,58.0,107.29281616210938
xgb_w60_d6,5,74,133,33.0,61.096683502197266
xgb_w60_d6,5,74,158,8.0,33.73556900024414
xgb_w60_d6,5,80,46,139.0,148.08334350585938
xgb_w60_d6,5,80,83,102.0,133.2943115234375
xgb_w60_d6,5,80,120,65.0,102.68190002441406
xgb_w60_d6,5,80,148,37.0,72.86673736572266
xgb_w60_d6,5,80,176,9.0,58.235469818115234
xgb_w60_d6,5,89,54,163.0,145.7983856201172
xgb_w60_d6,5,89,98,119.0,136.7629852294922
xgb_w60_d6,5,89,141,76.0,117.90357971191406
xgb_w60_d6,5,89,174,43.0,85.25414276123047
xgb_w60_d6,5,89,206,11.0,42.429264068603516
xgb_w60_d6,5,96,84,252.0,165.93191528320312
xgb_w60_d6,5,96,151,185.0,140.442626953125
xgb_w60_d6,5,96,218,118.0,147.433837890625
xgb_w60_d6,5,96,269,67.0,106.97669982910156
xgb_w60_d6,5,96,319,17.0,75.91109466552734
xgb_w60_d6,5,98,39,117.0,141.48960876464844
xgb_w60_d6,5,98,70,86.0,103.36749267578125
xgb_w60_d6,5,98,101,55.0,66.1242446899414
xgb_w60_d6,5,98,125,31.0,51.02151107788086
xgb_w60_d6,5,98,148,8.0,23.870895385742188
xgb_w90_d6,1,16,52,157.0,107.59461975097656
xgb_w90_d6,1,16,94,115.0,89.3656234741211
xgb_w90_d6,1,16,136,73.0,75.6362075805664
xgb_w90_d6,1,16,167,42.0,61.22259521484375
xgb_w90_d6,1,16,199,10.0,48.92412185668945
xgb_w90_d6,1,20,58,176.0,134.38284301757812
xgb_w90_d6,1,20,105,129.0,127.13497161865234
xgb_w90_d6,1,20,152,82.0,95.44990539550781
xgb_w90_d6,1,20,187,47.0,71.69141387939453
xgb_w90_d6,1,20,222,12.0,51.837432861328125
xgb_w90_d6,1,21,49,146.0,121.42759704589844
xgb_w90_d6,1,21,88,107.0,135.5322265625
xgb_w90_d6,1,21,127,68.0,75.85489654541016
xgb_w90_d6,1,21,156,39.0,52.847599029541016
xgb_w90_d6,1,21,185,10.0,29.950021743774414
xgb_w90_d6,1,29,41,122.0,145.5785675048828
xgb_w90_d6,1,29,73,90.0,96.97634887695312
xgb_w90_d6,1,29,106,57.0,66.29820251464844
xgb_w90_d6,1,29,130,33.0,42.120975494384766
xgb_w90_d6,1,29,155,8.0,12.913320541381836
xgb_w90_d6,1,36,40,118.0,140.43698120117188
xgb_w90_d6,1,36,71,87.0,101.46624755859375
xgb_w90_d6,1,36,103,55.0,56.906349182128906
xgb_w90_d6,1,36,126,32.0,37.719913482666016
xgb_w90_d6,1,36,150,8.0,20.314023971557617
xgb_w90_d6,1,40,47,141.0,148.64181518554688
xgb_w90_d6,1,40,85,103.0,110.94573211669922
xgb_w90_d6,1,40,122,66.0,76.30133819580078
xgb_w90_d6,1,40,150,38.0,50.94580841064453
xgb_w90_d6,1,40,179,9.0,30.183364868164062
xgb_w90_d6,1,47,54,160.0,176.34397888183594
xgb_w90_d6,1,47,96,118.0,133.59303283691406
xgb_w90_d6,1,47,139,75.0,88.90162658691406
xgb_w90_d6,1,47,171,43.0,53.59498596191406
xgb_w90_d6,1,47,203,11.0,25.558557510375977
xgb_w90_d6,1,59,58,173.0,153.8419189453125
xgb_w90_d6,1,59,104,127.0,116.74288177490234
xgb_w90_d6,1,59,150,81.0,107.89940643310547
xgb_w90_d6,1,59,185,46.0,64.94073486328125
xgb_w90_d6,1,59,219,12.0,38.96520233154297
xgb_w90_d6,1,66,50,152.0,151.44113159179688
xgb_w90_d6,1,66,91,111.0,113.034912109375
xgb_w90_d6,1,66,131,71.0,71.8188247680664
xgb_w90_d6,1,66,162,40.0,63.91630935668945
xgb_w90_d6,1,66,192,10.0,42.26715087890625
xgb_w90_d6,1,68,50,149.0,150.31185913085938
xgb_w90_d6,1,68,90,109.0,92.95214080810547
xgb_w90_d6,1,68,129,70.0,77.5226058959961
xgb_w90_d6,1,68,159,40.0,53.145477294921875
xgb_w90_d6,1,68,189,10.0,29.430652618408203
xgb_w90_d6,1,69,90,272.0,170.10440063476562
xgb_w90_d6,1,69,163,199.0,155.8291778564453
xgb_w90_d6,1,69,235,127.0,100.95455932617188
xgb_w90_d6,1,69,290,72.0,80.09851837158203
xgb_w90_d6,1,69,344,18.0,64.16267395019531
xgb_w90_d6,1,72,53,160.0,147.79212951660156
xgb_w90_d6,1,72,96,117.0,165.46173095703125
xgb_w90_d6,1,72,138,75.0,77.45073699951172
xgb_w90_d6,1,72,170,43.0,44.788089752197266
xgb_w90_d6,1,72,202,11.0,41.099815368652344
xgb_w90_d6,1,76,52,158.0,147.23287963867188
xgb_w90_d6,1,76,94,116.0,107.6568832397461
xgb_w90_d6,1,76,136,74.0,86.91814422607422
xgb_w90_d6,1,76,168,42.0,60.30461502075195
xgb_w90_d6,1,76,200,10.0,45.41914749145508
xgb_w90_d6,1,79,50,149.0,157.1724090576172
xgb_w90_d6,1,79,90,109.0,128.31301879882812
xgb_w90_d6,1,79,129,70.0,92.12866973876953
xgb_w90_d6,1,79,159,40.0,55.641319274902344
xgb_w90_d6,1,79,189,10.0,18.483928680419922
xgb_w90_d6,1,83,73,220.0,177.26837158203125
xgb_w90_d6,1,83,132,161.0,159.12754821777344
xgb_w90_d6,1,83,190,103.0,112.55323791503906
xgb_w90_d6,1,83,234,59.0,77.97527313232422
xgb_w90_d6,1,83,278,15.0,47.24130630493164
xgb_w90_d6,1,86,70,208.0,139.07562255859375
xgb_w90_d6,1,86,125,153.0,153.79319763183594
xgb_w90_d6,1,86,181,97.0,95.45062255859375
xgb_w90_d6,1,86,222,56.0,69.12763214111328
xgb_w90_d6,1,86,264,14.0,46.22393035888672
xgb_w90_d6,1,95,71,212.0,137.44683837890625
xgb_w90_d6,1,95,127,156.0,151.41934204101562
xgb_w90_d6,1,95,184,99.0,108.41845703125
xgb_w90_d6,1,95,226,57.0,74.2162857055664
xgb_w90_d6,1,95,269,14.0,46.20450210571289
xgb_w90_d6,2,2,72,215.0,173.9593505859375
xgb_w90_d6,2,2,129,158.0,164.1416015625
xgb_w90_d6,2,2,187,100.0,119.82521057128906
xgb_w90_d6,2,2,230,57.0,85.45964813232422
xgb_w90_d6,2,2,273,14.0,44.369014739990234
xgb_w90_d6,2,9,50,151.0,150.45948791503906
xgb_w90_d6,2,9,90,111.0,138.29238891601562
xgb_w90_d6,2,9,131,70.0,106.51879119873047
xgb_w90_d6,2,9,161,40.0,88.96156311035156
xgb_w90_d6,2,9,191,10.0,34.99879455566406
xgb_w90_d6,2,13,41,122.0,154.006591796875
xgb_w90_d6,2,13,73,90.0,133.92535400390625
xgb_w90_d6,2,13,106,57.0,83.95740509033203
xgb_w90_d6,2,13,130,33.0,52.887386322021484
xgb_w90_d6,2,13,155,8.0,30.514493942260742
xgb_w90_d6,2,19,40,118.0,129.7894744873047
xgb_w90_d6,2,19,71,87.0,105.9587173461914
xgb_w90_d6,2,19,103,55.0,71.9238510131836
xgb_w90_d6,2,19,126,32.0,42.11045837402344
xgb_w90_d6,2,19,150,8.0,29.21746826171875
xgb_w90_d6,2,25,58,172.0,136.37799072265625
xgb_w90_d6,2,25,104,126.0,127.03706359863281
xgb_w90_d6,2,25,150,80.0,92.87847137451172
xgb_w90_d6,2,25,184,46.0,70.24028015136719
xgb_w90_d6,2,25,218,12.0,48.53759002685547
xgb_w90_d6,2,39,32,96.0,155.83705139160156
xgb_w90_d6,2,39,58,70.0,138.76681518554688
xgb_w90_d6,2,39,83,45.0,67.56988525390625
xgb_w90_d6,2,39,102,26.0,39.12977600097656
xgb_w90_d6,2,39,122,6.0,19.07744598388672
xgb_w90_d6,2,43,52,155.0,172.7789306640625
xgb_w90_d6,2,43,93,114.0,127.80315399169922
xgb_w90_d6,2,43,135,72.0,98.18492126464844
xgb_w90_d6,2,43,166,41.0,64.2574462890625
xgb_w90_d6,2,43,197,10.0,30.657888412475586
xgb_w90_d6,2,48,58,173.0,160.46035766601562
xgb_w90_d6,2,48,104,127.0,128.42213439941406
xgb_w90_d6,2,48,150,81.0,118.46766662597656
xgb_w90_d6,2,48,185,46.0,97.43486785888672
xgb_w90_d6,2,48,219,12.0,50.56248092651367
xgb_w90_d6,2,51,53,160.0,167.91268920898438
xgb_w90_d6,2,51,96,117.0,120.79610443115234
xgb_w90_d6,2,51,138,75.0,101.59968566894531
xgb_w90_d6,2,51,170,43.0,94.11285400390625
xgb_w90_d6,2,51,202,11.0,53.4257698059082
xgb_w90_d6,2,53,49,146.0,202.99668884277344
xgb_w90_d6,2,53,88,107.0,134.45071411132812
xgb_w90_d6,2,53,127,68.0,87.89273834228516
xgb_w90_d6,2,53,156,39.0,57.891868591308594
xgb_w90_d6,2,53,185,10.0,32.656612396240234
xgb_w90_d6,2,55,48,145.0,157.96914672851562
xgb_w90_d6,2,55,87,106.0,121.44782257080078
xgb_w90_d6,2,55,125,68.0,80.58445739746094
xgb_w90_d6,2,55,154,39.0,79.4070053100586
xgb_w90_d6,2,55,183,10.0,45.348289489746094
xgb_w90_d6,2,57,34,103.0,176.77769470214844
xgb_w90_d6,2,57,62,75.0,127.21833038330078
xgb_w90_d6,2,57,89,48.0,71.43901824951172
xgb_w90_d6,2,57,110,27.0,42.97282409667969
xgb_w90_d6,2,57,130,7.0,20.039648056030273
xgb_w90_d6,2,60,43,129.0,175.2036895751953
xgb_w90_d6,2,60,77,95.0,140.32444763183594
xgb_w90_d6,2,60,112,60.0,93.29942321777344
xgb_w90_d6,2,60,138,34.0,51.18247985839844
xgb_w90_d6,2,60,163,9.0,29.826709747314453
xgb_w90_d6,2,75,57,172.0,136.48414611816406
xgb_w90_d6,2,75,103,126.0,118.26983642578125
xgb_w90_d6,2,75,149,80.0,78.44409942626953
xgb_w90_d6,2,75,183,46.0,61.17838668823242
xgb_w90_d6,2,75,218,11.0,41.58523178100586
xgb_w90_d6,2,78,58,173.0,164.35220336914062
xgb_w90_d6,2,78,104,127.0,112.2528076171875
xgb_w90_d6,2,78,150,81.0,92.36040496826172
xgb_w90_d6,2,78,185,46.0,70.4776611328125
xgb_w90_d6,2,78,219,12.0,29.181772232055664
xgb_w90_d6,2,99,46,139.0,202.64114379882812
xgb_w90_d6,2,99,83,102.0,167.82144165039062
xgb_w90_d6,2,99,120,65.0,90.46866607666016
xgb_w90_d6,2,99,148,37.0,52.56082534790039
xgb_w90_d6,2,99,176,9.0,24.69354820251465
xgb_w90_d6,2,100,50,150.0,178.39674377441406
xgb_w90_d6,2,100,90,110.0,135.32260131835938
xgb_w90_d6,2,100,130,70.0,97.37142181396484
xgb_w90_d6,2,100,160,40.0,51.42162322998047
xgb_w90_d6,2,100,190,10.0,28.924631118774414
xgb_w90_d6,3,3,45,134.0,155.36085510253906
xgb_w90_d6,3,3,81,98.0,129.8620147705078
xgb_w90_d6,3,3,116,63.0,85.49861907958984
xgb_w90_d6,3,3,143,36.0,53.434810638427734
xgb_w90_d6,3,3,170,9.0,25.371200561523438
xgb_w90_d6,3,6,47,141.0,145.80963134765625
xgb_w90_d6,3,6,85,103.0,95.84518432617188
xgb_w90_d6,3,6,122,66.0,85.40581512451172
xgb_w90_d6,3,6,150,38.0,54.81241226196289
xgb_w90_d6,3,6,179,9.0,25.52560806274414
xgb_w90_d6,3,7,65,194.0,148.2583465576172
xgb_w90_d6,3,7,117,142.0,130.04371643066406
xgb_w90_d6,3,7,168,91.0,90.41919708251953
xgb_w90_d6,3,7,207,52.0,71.27880096435547
xgb_w90_d6,3,7,246,13.0,38.18818283081055
xgb_w90_d6,3,8,38,112.0,152.82559204101562
xgb_w90_d6,3,8,68,82.0,114.6806640625
xgb_w90_d6,3,8,98,52.0,80.89122009277344
xgb_w90_d6,3,8,120,30.0,52.08362579345703
xgb_w90_d6,3,8,142,8.0,25.347213745117188
xgb_w90_d6,3,10,56,166.0,169.3130340576172
xgb_w90_d6,3,10,100,122.0,128.7156982421875
xgb_w90_d6,3,10,144,78.0,95.63042449951172
xgb_w90_d6,3,10,178,44.0,54.46088790893555
xgb_w90_d6,3,10,211,11.0,31.344959259033203
xgb_w90_d6,3,17,69,207.0,135.4212646484375
xgb_w90_d6,3,17,124,152.0,131.78172302246094
xgb_w90_d6,3,17,179,97.0,97.10047149658203
xgb_w90_d6,3,17,221,55.0,81.506103515625
xgb_w90_d6,3,17,262,14.0,47.1202278137207
xgb_w90_d6,3,24,37,110.0,142.0221710205078
xgb_w90_d6,3,24,66,81.0,128.04005432128906
xgb_w90_d6,3,24,96,51.0,77.79886627197266
xgb_w90_d6,3,24,118,29.0,45.60659408569336
xgb_w90_d6,3,24,140,7.0,20.799108505249023
xgb_w90_d6,3,26,50,149.0,139.20106506347656
xgb_w90_d6,3,26,90,109.0,99.9802474975586
xgb_w90_d6,3,26,129,70.0,81.15266418457031
xgb_w90_d6,3,26,159,40.0,59.85246276855469
xgb_w90_d6,3,26,189,10.0,35.33193588256836
xgb_w90_d6,3,41,54,162.0,167.09439086914062
xgb_w90_d6,3,41,97,119.0,122.63787078857422
xgb_w90_d6,3,41,140,76.0,85.39584350585938
xgb_w90_d6,3,41,173,43.0,55.213897705078125
xgb_w90_d6,3,41,205,11.0,34.98432540893555
xgb_w90_d6,3,45,40,118.0,187.19091796875
xgb_w90_d6,3,45,71,87.0,139.8218994140625
xgb_w90_d6,3,45,103,55.0,69.85598754882812
xgb_w90_d6,3,45,126,32.0,45.562843322753906
xgb_w90_d6,3,45,150,8.0,20.431129455566406
xgb_w90_d6,3,52,53,160.0,133.84120178222656
xgb_w90_d6,3,52,96,117.0,121.58553314208984
xgb_w90_d6,3,52,138,75.0,81.76756286621094
xgb_w90_d6,3,52,170,43.0,55.94196701049805
xgb_w90_d6,3,52,202,11.0,33.605533599853516
xgb_w90_d6,3,56,69,206.0,149.2177734375
xgb_w90_d6,3,56,124,151.0,112.9669418334961
xgb_w90_d6,3,56,179,96.0,80.81673431396484
xgb_w90_d6,3,56,220,55.0,76.05382537841797
xgb_w90_d6,3,56,261,14.0,57.9305419921875
xgb_w90_d6,3,62,45,135.0,161.99407958984375
xgb_w90_d6,3,62,81,99.0,121.66605377197266
xgb_w90_d6,3,62,117,63.0,98.87149047851562
xgb_w90_d6,3,62,144,36.0,65.28022766113281
xgb_w90_d6,3,62,171,9.0,31.72633934020996
xgb_w90_d6,3,73,53,160.0,151.56838989257812
xgb_w90_d6,3,73,96,117.0,112.1298828125
xgb_w90_d6,3,73,138,75.0,99.39418029785156
xgb_w90_d6,3,73,170,43.0,71.22480010986328
xgb_w90_d6,3,73,202,11.0,35.76909255981445
xgb_w90_d6,3,87,44,134.0,130.57571411132812
xgb_w90_d6,3,87,80,98.0,111.62940979003906
xgb_w90_d6,3,87,116,62.0,70.59940338134766
xgb_w90_d6,3,87,142,36.0,51.3012809753418
xgb_w90_d6,3,87,169,9.0,27.10356903076172
xgb_w90_d6,3,90,38,116.0,151.61270141601562
xgb_w90_d6,3,90,69,85.0,130.07354736328125
xgb_w90_d6,3,90,100,54.0,60.957130432128906
xgb_w90_d6,3,90,123,31.0,43.4346809387207
xgb_w90_d6,3,90,146,8.0,22.290456771850586
xgb_w90_d6,3,91,34,101.0,149.45166015625
xgb_w90_d6,3,91,61,74.0,119.3027572631836
xgb_w90_d6,3,91,88,47.0,72.59942626953125
xgb_w90_d6,3,91,108,27.0,49.35887908935547
xgb_w90_d6,3,91,128,7.0,23.529041290283203
xgb_w90_d6,4,1,48,144.0,137.86683654785156
xgb_w90_d6,4,1,86,106.0,136.5782470703125
xgb_w90_d6,4,1,125,67.0,79.63164520263672
xgb_w90_d6,4,1,154,38.0,51.36602020263672
xgb_w90_d6,4,1,182,10.0,24.22538948059082
xgb_w90_d6,4,11,60,180.0,165.48214721679688
xgb_w90_d6,4,11,108,132.0,153.9835205078125
xgb_w90_d6,4,11,156,84.0,90.8802719116211
xgb_w90_d6,4,11,192,48.0,69.82942962646484
xgb_w90_d6,4,11,228,12.0,40.98720169067383
xgb_w90_d6,4,23,42,126.0,149.98851013183594
xgb_w90_d6,4,23,76,92.0,120.88842010498047
xgb_w90_d6,4,23,109,59.0,81.29479217529297
xgb_w90_d6,4,23,134,34.0,48.82862854003906
xgb_w90_d6,4,23,160,8.0,26.49368667602539
xgb_w90_d6,4,28,41,124.0,172.6004180908203
xgb_w90_d6,4,28,74,91.0,152.05984497070312
xgb_w90_d6,4,28,107,58.0,79.03330993652344
xgb_w90_d6,4,28,132,33.0,52.52602767944336
xgb_w90_d6,4,28,157,8.0,17.03692626953125
xgb_w90_d6,4,44,48,144.0,159.70401000976562
xgb_w90_d6,4,44,86,106.0,168.8392791748047
xgb_w90_d6,4,44,125,67.0,102.08971405029297
xgb_w90_d6,4,44,154,38.0,54.80671691894531
xgb_w90_d6,4,44,182,10.0,22.57562255859375
xgb_w90_d6,4,54,64,193.0,170.056640625
xgb_w90_d6,4,54,116,141.0,147.23977661132812
xgb_w90_d6,4,54,167,90.0,103.0139389038086
xgb_w90_d6,4,54,206,51.0,72.54903411865234
xgb_w90_d6,4,54,244,13.0,42.164363861083984
xgb_w90_d6,4,58,37,110.0,151.66773986816406
xgb_w90_d6,4,58,66,81.0,121.98567962646484
xgb_w90_d6,4,58,96,51.0,69.80307006835938
xgb_w90_d6,4,58,118,29.0,43.4003791809082
xgb_w90_d6,4,58,140,7.0,15.134696960449219
xgb_w90_d6,4,61,46,139.0,192.1533660888672
xgb_w90_d6,4,61,83,102.0,129.13296508789062
xgb_w90_d6,4,61,120,65.0,94.76266479492188
xgb_w90_d6,4,61,148,37.0,55.180824279785156
xgb_w90_d6,4,61,176,9.0,15.249462127685547
xgb_w90_d6,4,63,44,130.0,160.06394958496094
xgb_w90_d6,4,63,78,96.0,120.72378540039062
xgb_w90_d6,4,63,113,61.0,71.03325653076172
xgb_w90_d6,4,63,139,35.0,54.725555419921875
xgb_w90_d6,4,63,165,9.0,30.452014923095703
xgb_w90_d6,4,65,38,115.0,159.87774658203125
xgb_w90_d6,4,65,69,84.0,127.8573989868164
xgb_w90_d6,4,65,99,54.0,84.48778533935547
xgb_w90_d6,4,65,122,31.0,50.78948974609375
xgb_w90_d6,4,65,145,8.0,15.493433952331543
xgb_w90_d6,4,67,78,235.0,132.42298889160156
xgb_w90_d6,4,67,141,172.0,160.2401885986328
xgb_w90_d6,4,67,203,110.0,113.33889770507812
xgb_w90_d6,4,67,250,63.0,99.05907440185547
xgb_w90_d6,4,67,297,16.0,64.0824966430664
xgb_w90_d6,4,70,34,103.0,149.81195068359375
xgb_w90_d6,4,70,62,75.0,143.32261657714844
xgb_w90_d6,4,70,89,48.0,96.18761444091797
xgb_w90_d6,4,70,110,27.0,36.50511932373047
xgb_w90_d6,4,70,130,7.0,11.856867790222168
xgb_w90_d6,4,71,52,156.0,123.50604248046875
xgb_w90_d6,4,71,94,114.0,95.11708068847656
xgb_w90_d6,4,71,135,73.0,76.03014373779297
xgb_w90_d6,4,71,166,42.0,61.951541900634766
xgb_w90_d6,4,71,198,10.0,45.87351989746094
xgb_w90_d6,4,82,54,160.0,171.6502227783203
xgb_w90_d6,4,82,96,118.0,128.69375610351562
xgb_w90_d6,4,82,139,75.0,86.16183471679688
xgb_w90_d6,4,82,171,43.0,60.84587097167969
xgb_w90_d6,4,82,203,11.0,36.60478591918945
xgb_w90_d6,4,85,47,141.0,168.5321502685547
xgb_w90_d6,4,85,85,103.0,137.77967834472656
xgb_w90_d6,4,85,122,66.0,85.60494232177734
xgb_w90_d6,4,85,150,38.0,55.3199462890625
xgb_w90_d6,4,85,179,9.0,31.27008056640625
xgb_w90_d6,4,92,85,256.0,166.5135040283203
xgb_w90_d6,4,92,153,188.0,154.43968200683594
xgb_w90_d6,4,92,222,119.0,102.15416717529297
xgb_w90_d6,4,92,273,68.0,75.68277740478516
xgb_w90_d6,4,92,324,17.0,62.06644821166992
xgb_w90_d6,4,94,64,194.0,129.5205841064453
xgb_w90_d6,4,94,116,142.0,107.21305847167969
xgb_w90_d6,4,94,168,90.0,88.97972869873047
xgb_w90_d6,4,94,206,52.0,70.33032989501953
xgb_w90_d6,4,94,245,13.0,58.8283576965332
xgb_w90_d6,5,4,47,142.0,147.9254150390625
xgb_w90_d6,5,4,85,104.0,125.8086166381836
xgb_w90_d6,5,4,123,66.0,86.94245910644531
xgb_w90_d6,5,4,151,38.0,59.150672912597656
xgb_w90_d6,5,4,180,9.0,32.510311126708984
xgb_w90_d6,5,5,67,202.0,161.0327911376953
xgb_w90_d6,5,5,121,148.0,125.86910247802734
xgb_w90_d6,5,5,175,94.0,94.88554382324219
xgb_w90_d6,5,5,215,54.0,57.08598327636719
xgb_w90_d6,5,5,256,13.0,37.525718688964844
xgb_w90_d6,5,12,42,128.0,174.275390625
xgb_w90_d6,5,12,76,94.0,117.02164459228516
xgb_w90_d6,5,12,110,60.0,83.22859954833984
xgb_w90_d6,5,12,136,34.0,42.7845458984375
xgb_w90_d6,5,12,162,8.0,23.61918830871582
xgb_w90_d6,5,14,45,135.0,131.8580780029297
xgb_w90_d6,5,14,81,99.0,116.98602294921875
xgb_w90_d6,5,14,117,63.0,70.4300537109375
xgb_w90_d6,5,14,144,36.0,47.96678161621094
xgb_w90_d6,5,14,171,9.0,32.36701202392578
xgb_w90_d6,5,15,52,155.0,144.7210693359375
xgb_w90_d6,5,15,93,114.0,121.23168182373047
xgb_w90_d6,5,15,135,72.0,81.1794662475586
xgb_w90_d6,5,15,166,41.0,63.135921478271484
xgb_w90_d6,5,15,197,10.0,19.073284149169922
xgb_w90_d6,5,18,49,146.0,174.29147338867188
xgb_w90_d6,5,18,88,107.0,139.0045166015625
xgb_w90_d6,5,18,127,68.0,87.80300903320312
xgb_w90_d6,5,18,156,39.0,64.89396667480469
xgb_w90_d6,5,18,185,10.0,35.032649993896484
xgb_w90_d6,5,30,48,146.0,157.5051727294922
xgb_w90_d6,5,30,87,107.0,137.5611114501953
xgb_w90_d6,5,30,126,68.0,107.21288299560547
xgb_w90_d6,5,30,155,39.0,61.0595588684082
xgb_w90_d6,5,30,184,10.0,20.40471076965332
xgb_w90_d6,5,32,48,143.0,163.6434783935547
xgb_w90_d6,5,32,86,105.0,136.764404296875
xgb_w90_d6,5,32,124,67.0,86.96196746826172
xgb_w90_d6,5,32,153,38.0,62.95423126220703
xgb_w90_d6,5,32,181,10.0,38.02082443237305
xgb_w90_d6,5,35,45,136.0,134.28250122070312
xgb_w90_d6,5,35,81,100.0,100.92754364013672
xgb_w90_d6,5,35,118,63.0,79.83609008789062
xgb_w90_d6,5,35,145,36.0,45.9481201171875
xgb_w90_d6,5,35,172,9.0,22.418560028076172
xgb_w90_d6,5,37,42,128.0,147.3424072265625
xgb_w90_d6,5,37,76,94.0,107.59139251708984
xgb_w90_d6,5,37,110,60.0,72.20035552978516
xgb_w90_d6,5,37,136,34.0,45.130271911621094
xgb_w90_d6,5,37,162,8.0,20.871965408325195
xgb_w90_d6,5,42,49,147.0,134.49288940429688
xgb_w90_d6,5,42,88,108.0,117.00145721435547
xgb_w90_d6,5,42,127,69.0,83.77649688720703
xgb_w90_d6,5,42,157,39.0,49.53018569946289
xgb_w90_d6,5,42,186,10.0,29.91885757446289
xgb_w90_d6,5,64,71,212.0,126.04469299316406
xgb_w90_d6,5,64,127,156.0,134.7147216796875
xgb_w90_d6,5,64,184,99.0,99.67424774169922
xgb_w90_d6,5,64,226,57.0,69.64527130126953
xgb_w90_d6,5,64,269,14.0,47.26768112182617
xgb_w90_d6,5,74,42,124.0,168.80084228515625
xgb_w90_d6,5,74,75,91.0,145.3507537841797
xgb_w90_d6,5,74,108,58.0,93.26191711425781
xgb_w90_d6,5,74,133,33.0,48.71195983886719
xgb_w90_d6,5,74,158,8.0,18.75139617919922
xgb_w90_d6,5,80,46,139.0,145.99899291992188
xgb_w90_d6,5,80,83,102.0,119.6690444946289
xgb_w90_d6,5,80,120,65.0,96.20045471191406
xgb_w90_d6,5,80,148,37.0,67.57859802246094
xgb_w90_d6,5,80,176,9.0,42.899532318115234
xgb_w90_d6,5,89,54,163.0,149.6851806640625
xgb_w90_d6,5,89,98,119.0,122.79778289794922
xgb_w90_d6,5,89,141,76.0,108.79872131347656
xgb_w90_d6,5,89,174,43.0,57.5223388671875
xgb_w90_d6,5,89,206,11.0,24.687183380126953
xgb_w90_d6,5,96,84,252.0,137.9933624267578
xgb_w90_d6,5,96,151,185.0,165.04144287109375
xgb_w90_d6,5,96,218,118.0,125.44666290283203
xgb_w90_d6,5,96,269,67.0,87.5350341796875
xgb_w90_d6,5,96,319,17.0,53.77310562133789
xgb_w90_d6,5,98,39,117.0,154.87123107910156
xgb_w90_d6,5,98,70,86.0,89.39674377441406
xgb_w90_d6,5,98,101,55.0,66.85984802246094
xgb_w90_d6,5,98,125,31.0,36.31840133666992
xgb_w90_d6,5,98,148,8.0,13.262992858886719
gru_w45_huber,1,16,52,157.0,97.34038543701172
gru_w45_huber,1,16,94,115.0,63.8125114440918
gru_w45_huber,1,16,136,73.0,58.60963439941406
gru_w45_huber,1,16,167,42.0,32.298545837402344
gru_w45_huber,1,16,199,10.0,4.6872663497924805
gru_w45_huber,1,20,58,176.0,141.8253173828125
gru_w45_huber,1,20,105,129.0,112.30908966064453
gru_w45_huber,1,20,152,82.0,86.91831970214844
gru_w45_huber,1,20,187,47.0,54.41044998168945
gru_w45_huber,1,20,222,12.0,9.21418285369873
gru_w45_huber,1,21,49,146.0,102.14598083496094
gru_w45_huber,1,21,88,107.0,162.19888305664062
gru_w45_huber,1,21,127,68.0,93.91388702392578
gru_w45_huber,1,21,156,39.0,43.61088562011719
gru_w45_huber,1,21,185,10.0,13.202077865600586
gru_w45_huber,1,29,41,122.0,150.4009552001953
gru_w45_huber,1,29,73,90.0,84.8009262084961
gru_w45_huber,1,29,106,57.0,85.00336456298828
gru_w45_huber,1,29,130,33.0,39.9431266784668
gru_w45_huber,1,29,155,8.0,13.62662410736084
gru_w45_huber,1,36,40,118.0,111.94000244140625
gru_w45_huber,1,36,71,87.0,112.4966812133789
gru_w45_huber,1,36,103,55.0,62.4504508972168
gru_w45_huber,1,36,126,32.0,50.045902252197266
gru_w45_huber,1,36,150,8.0,11.85562515258789
gru_w45_huber,1,40,47,141.0,112.25642395019531
gru_w45_huber,1,40,85,103.0,95.20419311523438
gru_w45_huber,1,40,122,66.0,51.519264221191406
gru_w45_huber,1,40,150,38.0,37.1324577331543
gru_w45_huber,1,40,179,9.0,5.350969314575195
gru_w45_huber,1,47,54,160.0,113.0345458984375
gru_w45_huber,1,47,96,118.0,117.25907135009766
gru_w45_huber,1,47,139,75.0,78.26744079589844
gru_w45_huber,1,47,171,43.0,35.41437911987305
gru_w45_huber,1,47,203,11.0,9.810698509216309
gru_w45_huber,1,59,58,173.0,150.60842895507812
gru_w45_huber,1,59,104,127.0,105.71340942382812
gru_w45_huber,1,59,150,81.0,82.91133117675781
gru_w45_huber,1,59,185,46.0,39.8406867980957
gru_w45_huber,1,59,219,12.0,11.83698844909668
gru_w45_huber,1,66,50,152.0,64.50578308105469
gru_w45_huber,1,66,91,111.0,63.580440521240234
gru_w45_huber,1,66,131,71.0,60.331260681152344
gru_w45_huber,1,66,162,40.0,32.070247650146484
gru_w45_huber,1,66,192,10.0,5.736608028411865
gru_w45_huber,1,68,50,149.0,158.63572692871094
gru_w45_huber,1,68,90,109.0,83.75592041015625
gru_w45_huber,1,68,129,70.0,76.63401794433594
gru_w45_huber,1,68,159,40.0,44.084129333496094
gru_w45_huber,1,68,189,10.0,9.47785472869873
gru_w45_huber,1,69,90,272.0,154.46640014648438
gru_w45_huber,1,69,163,199.0,128.78199768066406
gru_w45_huber,1,69,235,127.0,132.20449829101562
gru_w45_huber,1,69,290,72.0,60.30329513549805
gru_w45_huber,1,69,344,18.0,8.660795211791992
gru_w45_huber,1,72,53,160.0,162.7042694091797
gru_w45_huber,1,72,96,117.0,143.14491271972656
gru_w45_huber,1,72,138,75.0,73.5396728515625
gru_w45_huber,1,72,170,43.0,43.738704681396484
gru_w45_huber,1,72,202,11.0,16.702741622924805
gru_w45_huber,1,76,52,158.0,150.73263549804688
gru_w45_huber,1,76,94,116.0,116.78166961669922
gru_w45_huber,1,76,136,74.0,78.72492218017578
gru_w45_huber,1,76,168,42.0,40.179439544677734
gru_w45_huber,1,76,200,10.0,6.8013129234313965
gru_w45_huber,1,79,50,149.0,145.38436889648438
gru_w45_huber,1,79,90,109.0,116.2127685546875
gru_w45_huber,1,79,129,70.0,83.71082305908203
gru_w45_huber,1,79,159,40.0,43.411537170410156
gru_w45_huber,1,79,189,10.0,9.946589469909668
gru_w45_huber,1,83,73,220.0,147.99356079101562
gru_w45_huber,1,83,132,161.0,126.00318908691406
gru_w45_huber,1,83,190,103.0,88.39745330810547
gru_w45_huber,1,83,234,59.0,64.43489074707031
gru_w45_huber,1,83,278,15.0,17.767541885375977
gru_w45_huber,1,86,70,208.0,151.0253143310547
gru_w45_huber,1,86,125,153.0,93.61124420166016
gru_w45_huber,1,86,181,97.0,85.00519561767578
gru_w45_huber,1,86,222,56.0,51.72510528564453
gru_w45_huber,1,86,264,14.0,8.177645683288574
gru_w45_huber,1,95,71,212.0,147.61801147460938
gru_w45_huber,1,95,127,156.0,121.21263122558594
gru_w45_huber,1,95,184,99.0,81.17772674560547
gru_w45_huber,1,95,226,57.0,55.73136520385742
gru_w45_huber,1,95,269,14.0,14.493656158447266
gru_w45_huber,2,2,72,215.0,121.54975128173828
gru_w45_huber,2,2,129,158.0,135.80169677734375
gru_w45_huber,2,2,187,100.0,81.68842315673828
gru_w45_huber,2,2,230,57.0,35.702613830566406
gru_w45_huber,2,2,273,14.0,17.70379066467285
gru_w45_huber,2,9,50,151.0,147.6320343017578
gru_w45_huber,2,9,90,111.0,140.67630004882812
gru_w45_huber,2,9,131,70.0,74.43714141845703
gru_w45_huber,2,9,161,40.0,51.939544677734375
gru_w45_huber,2,9,191,10.0,5.773160457611084
gru_w45_huber,2,13,41,122.0,179.54595947265625
gru_w45_huber,2,13,73,90.0,127.0591049194336
gru_w45_huber,2,13,106,57.0,64.03115844726562
gru_w45_huber,2,13,130,33.0,33.80170440673828
gru_w45_huber,2,13,155,8.0,12.264086723327637
gru_w45_huber,2,19,40,118.0,124.79537963867188
gru_w45_huber,2,19,71,87.0,136.39576721191406
gru_w45_huber,2,19,103,55.0,37.1173095703125
gru_w45_huber,2,19,126,32.0,35.509822845458984
gru_w45_huber,2,19,150,8.0,8.536190032958984
gru_w45_huber,2,25,58,172.0,141.0377960205078
gru_w45_huber,2,25,104,126.0,138.5436553955078
gru_w45_huber,2,25,150,80.0,65.99918365478516
gru_w45_huber,2,25,184,46.0,64.08040618896484
gru_w45_huber,2,25,218,12.0,9.849677085876465
gru_w45_huber,2,39,32,96.0,147.4495849609375
gru_w45_huber,2,39,58,70.0,84.27217864990234
gru_w45_huber,2,39,83,45.0,50.2147331237793
gru_w45_huber,2,39,102,26.0,30.537662506103516
gru_w45_huber,2,39,122,6.0,8.64509105682373
gru_w45_huber,2,43,52,155.0,123.22636413574219
gru_w45_huber,2,43,93,114.0,101.67842864990234
gru_w45_huber,2,43,135,72.0,68.57257080078125
gru_w45_huber,2,43,166,41.0,34.52751541137695
gru_w45_huber,2,43,197,10.0,9.882621765136719
gru_w45_huber,2,48,58,173.0,178.96795654296875
gru_w45_huber,2,48,104,127.0,110.57322692871094
gru_w45_huber,2,48,150,81.0,89.42613220214844
gru_w45_huber,2,48,185,46.0,47.191314697265625
gru_w45_huber,2,48,219,12.0,11.474222183227539
gru_w45_huber,2,51,53,160.0,158.83016967773438
gru_w45_huber,2,51,96,117.0,105.04591369628906
gru_w45_huber,2,51,138,75.0,80.9593505859375
gru_w45_huber,2,51,170,43.0,41.9136848449707
gru_w45_huber,2,51,202,11.0,12.7071533203125
gru_w45_huber,2,53,49,146.0,131.12916564941406
gru_w45_huber,2,53,88,107.0,124.29148864746094
gru_w45_huber,2,53,127,68.0,75.37206268310547
gru_w45_huber,2,53,156,39.0,56.590965270996094
gru_w45_huber,2,53,185,10.0,10.909282684326172
gru_w45_huber,2,55,48,145.0,184.5954132080078
gru_w45_huber,2,55,87,106.0,110.8737564086914
gru_w45_huber,2,55,125,68.0,96.55116271972656
gru_w45_huber,2,55,154,39.0,35.421051025390625
gru_w45_huber,2,55,183,10.0,10.54663372039795
gru_w45_huber,2,57,34,103.0,159.22276306152344
gru_w45_huber,2,57,62,75.0,112.08143615722656
gru_w45_huber,2,57,89,48.0,70.66671752929688
gru_w45_huber,2,57,110,27.0,28.995616912841797
gru_w45_huber,2,57,130,7.0,8.99051570892334
gru_w45_huber,2,60,43,129.0,177.7761993408203
gru_w45_huber,2,60,77,95.0,119.81281280517578
gru_w45_huber,2,60,112,60.0,78.5463638305664
gru_w45_huber,2,60,138,34.0,33.83649826049805
gru_w45_huber,2,60,163,9.0,12.141983032226562
gru_w45_huber,2,75,57,172.0,137.0601043701172
gru_w45_huber,2,75,103,126.0,127.46890258789062
gru_w45_huber,2,75,149,80.0,70.93318939208984
gru_w45_huber,2,75,183,46.0,48.553672790527344
gru_w45_huber,2,75,218,11.0,8.267126083374023
gru_w45_huber,2,78,58,173.0,164.2387237548828
gru_w45_huber,2,78,104,127.0,94.84506225585938
gru_w45_huber,2,78,150,81.0,80.14545440673828
gru_w45_huber,2,78,185,46.0,35.523529052734375
gru_w45_huber,2,78,219,12.0,15.209052085876465
gru_w45_huber,2,99,46,139.0,120.58866119384766
gru_w45_huber,2,99,83,102.0,168.9442138671875
gru_w45_huber,2,99,120,65.0,78.00896453857422
gru_w45_huber,2,99,148,37.0,35.48062515258789
gru_w45_huber,2,99,176,9.0,7.512275695800781
gru_w45_huber,2,100,50,150.0,173.77203369140625
gru_w45_huber,2,100,90,110.0,77.90025329589844
gru_w45_huber,2,100,130,70.0,82.83170318603516
gru_w45_huber,2,100,160,40.0,31.703594207763672
gru_w45_huber,2,100,190,10.0,13.162620544433594
gru_w45_huber,3,3,45,134.0,177.40931701660156
gru_w45_huber,3,3,81,98.0,123.26797485351562
gru_w45_huber,3,3,116,63.0,78.8388671875
gru_w45_huber,3,3,143,36.0,35.62724304199219
gru_w45_huber,3,3,170,9.0,11.224224090576172
gru_w45_huber,3,6,47,141.0,144.6166534423828
gru_w45_huber,3,6,85,103.0,96.28888702392578
gru_w45_huber,3,6,122,66.0,82.34919738769531
gru_w45_huber,3,6,150,38.0,17.84971046447754
gru_w45_huber,3,6,179,9.0,7.126908302307129
gru_w45_huber,3,7,65,194.0,172.0883026123047
gru_w45_huber,3,7,117,142.0,122.3441390991211
gru_w45_huber,3,7,168,91.0,70.05204010009766
gru_w45_huber,3,7,207,52.0,69.74076080322266
gru_w45_huber,3,7,246,13.0,11.796340942382812
gru_w45_huber,3,8,38,112.0,147.4136962890625
gru_w45_huber,3,8,68,82.0,85.76775360107422
gru_w45_huber,3,8,98,52.0,54.40199279785156
gru_w45_huber,3,8,120,30.0,22.553438186645508
gru_w45_huber,3,8,142,8.0,5.441471099853516
gru_w45_huber,3,10,56,166.0,185.89334106445312
gru_w45_huber,3,10,100,122.0,140.0613250732422
gru_w45_huber,3,10,144,78.0,73.50279235839844
gru_w45_huber,3,10,178,44.0,42.05154037475586
gru_w45_huber,3,10,211,11.0,13.449139595031738
gru_w45_huber,3,17,69,207.0,149.57203674316406
gru_w45_huber,3,17,124,152.0,111.06778717041016
gru_w45_huber,3,17,179,97.0,85.0381851196289
gru_w45_huber,3,17,221,55.0,48.027130126953125
gru_w45_huber,3,17,262,14.0,7.671113967895508
gru_w45_huber,3,24,37,110.0,153.39114379882812
gru_w45_huber,3,24,66,81.0,107.34640502929688
gru_w45_huber,3,24,96,51.0,69.32185363769531
gru_w45_huber,3,24,118,29.0,38.933258056640625
gru_w45_huber,3,24,140,7.0,7.168842315673828
gru_w45_huber,3,26,50,149.0,117.16299438476562
gru_w45_huber,3,26,90,109.0,111.33476257324219
gru_w45_huber,3,26,129,70.0,102.92996978759766
gru_w45_huber,3,26,159,40.0,30.556236267089844
gru_w45_huber,3,26,189,10.0,8.184345245361328
gru_w45_huber,3,41,54,162.0,184.2383270263672
gru_w45_huber,3,41,97,119.0,123.80802917480469
gru_w45_huber,3,41,140,76.0,79.63362884521484
gru_w45_huber,3,41,173,43.0,37.06106185913086
gru_w45_huber,3,41,205,11.0,11.568392753601074
gru_w45_huber,3,45,40,118.0,176.16807556152344
gru_w45_huber,3,45,71,87.0,128.46603393554688
gru_w45_huber,3,45,103,55.0,69.22608947753906
gru_w45_huber,3,45,126,32.0,48.59864044189453
gru_w45_huber,3,45,150,8.0,10.505879402160645
gru_w45_huber,3,52,53,160.0,130.3472137451172
gru_w45_huber,3,52,96,117.0,79.44976043701172
gru_w45_huber,3,52,138,75.0,76.01512908935547
gru_w45_huber,3,52,170,43.0,23.537633895874023
gru_w45_huber,3,52,202,11.0,7.580150604248047
gru_w45_huber,3,56,69,206.0,142.1593017578125
gru_w45_huber,3,56,124,151.0,122.75334167480469
gru_w45_huber,3,56,179,96.0,62.95758056640625
gru_w45_huber,3,56,220,55.0,34.93821334838867
gru_w45_huber,3,56,261,14.0,0.487061083316803
gru_w45_huber,3,62,45,135.0,143.91162109375
gru_w45_huber,3,62,81,99.0,111.18384552001953
gru_w45_huber,3,62,117,63.0,75.08453369140625
gru_w45_huber,3,62,144,36.0,29.122032165527344
gru_w45_huber,3,62,171,9.0,7.305010795593262
gru_w45_huber,3,73,53,160.0,152.92822265625
gru_w45_huber,3,73,96,117.0,116.53199005126953
gru_w45_huber,3,73,138,75.0,61.47138595581055
gru_w45_huber,3,73,170,43.0,19.001188278198242
gru_w45_huber,3,73,202,11.0,6.6702680587768555
gru_w45_huber,3,87,44,134.0,133.43215942382812
gru_w45_huber,3,87,80,98.0,95.57723999023438
gru_w45_huber,3,87,116,62.0,71.45862579345703
gru_w45_huber,3,87,142,36.0,35.873565673828125
gru_w45_huber,3,87,169,9.0,7.484521865844727
gru_w45_huber,3,90,38,116.0,183.50848388671875
gru_w45_huber,3,90,69,85.0,106.50322723388672
gru_w45_huber,3,90,100,54.0,81.22034454345703
gru_w45_huber,3,90,123,31.0,40.95655822753906
gru_w45_huber,3,90,146,8.0,11.248361587524414
gru_w45_huber,3,91,34,101.0,100.8560791015625
gru_w45_huber,3,91,61,74.0,83.23112487792969
gru_w45_huber,3,91,88,47.0,50.218414306640625
gru_w45_huber,3,91,108,27.0,28.185325622558594
gru_w45_huber,3,91,128,7.0,7.011129379272461
gru_w45_huber,4,1,48,144.0,189.3136444091797
gru_w45_huber,4,1,86,106.0,120.19282531738281
gru_w45_huber,4,1,125,67.0,65.0219955444336
gru_w45_huber,4,1,154,38.0,37.98408889770508
gru_w45_huber,4,1,182,10.0,9.068873405456543
gru_w45_huber,4,11,60,180.0,153.61578369140625
gru_w45_huber,4,11,108,132.0,133.94119262695312
gru_w45_huber,4,11,156,84.0,62.31302261352539
gru_w45_huber,4,11,192,48.0,49.27943420410156
gru_w45_huber,4,11,228,12.0,11.600067138671875
gru_w45_huber,4,23,42,126.0,188.95071411132812
gru_w45_huber,4,23,76,92.0,82.60541534423828
gru_w45_huber,4,23,109,59.0,71.46731567382812
gru_w45_huber,4,23,134,34.0,29.80037498474121
gru_w45_huber,4,23,160,8.0,7.930454730987549
gru_w45_huber,4,28,41,124.0,146.8402099609375
gru_w45_huber,4,28,74,91.0,116.77958679199219
gru_w45_huber,4,28,107,58.0,59.90678024291992
gru_w45_huber,4,28,132,33.0,38.00054168701172
gru_w45_huber,4,28,157,8.0,3.2964975833892822
gru_w45_huber,4,44,48,144.0,145.94451904296875
gru_w45_huber,4,44,86,106.0,156.50946044921875
gru_w45_huber,4,44,125,67.0,97.92385864257812
gru_w45_huber,4,44,154,38.0,37.72966384887695
gru_w45_huber,4,44,182,10.0,12.217122077941895
gru_w45_huber,4,54,64,193.0,156.89996337890625
gru_w45_huber,4,54,116,141.0,109.1688232421875
gru_w45_huber,4,54,167,90.0,76.26578521728516
gru_w45_huber,4,54,206,51.0,48.151424407958984
gru_w45_huber,4,54,244,13.0,10.201420783996582
gru_w45_huber,4,58,37,110.0,133.84317016601562
gru_w45_huber,4,58,66,81.0,117.02188873291016
gru_w45_huber,4,58,96,51.0,61.57810974121094
gru_w45_huber,4,58,118,29.0,32.34809875488281
gru_w45_huber,4,58,140,7.0,5.049739360809326
gru_w45_huber,4,61,46,139.0,196.1197967529297
gru_w45_huber,4,61,83,102.0,133.3709259033203
gru_w45_huber,4,61,120,65.0,85.09143829345703
gru_w45_huber,4,61,148,37.0,42.356109619140625
gru_w45_huber,4,61,176,9.0,6.362579345703125
gru_w45_huber,4,63,44,130.0,118.87869262695312
gru_w45_huber,4,63,78,96.0,152.1551513671875
gru_w45_huber,4,63,113,61.0,50.776668548583984
gru_w45_huber,4,63,139,35.0,40.0368766784668
gru_w45_huber,4,63,165,9.0,11.824077606201172
gru_w45_huber,4,65,38,115.0,138.07557678222656
gru_w45_huber,4,65,69,84.0,127.41180419921875
gru_w45_huber,4,65,99,54.0,75.16886901855469
gru_w45_huber,4,65,122,31.0,35.88213348388672
gru_w45_huber,4,65,145,8.0,6.927342891693115
gru_w45_huber,4,67,78,235.0,132.29238891601562
gru_w45_huber,4,67,141,172.0,138.45449829101562
gru_w45_huber,4,67,203,110.0,85.49757385253906
gru_w45_huber,4,67,250,63.0,53.770668029785156
gru_w45_huber,4,67,297,16.0,12.132184028625488
gru_w45_huber,4,70,34,103.0,189.51437377929688
gru_w45_huber,4,70,62,75.0,122.5262222290039
gru_w45_huber,4,70,89,48.0,67.54047393798828
gru_w45_huber,4,70,110,27.0,35.64725112915039
gru_w45_huber,4,70,130,7.0,8.339527130126953
gru_w45_huber,4,71,52,156.0,134.29014587402344
gru_w45_huber,4,71,94,114.0,87.43303680419922
gru_w45_huber,4,71,135,73.0,72.14265441894531
gru_w45_huber,4,71,166,42.0,50.615455627441406
gru_w45_huber,4,71,198,10.0,14.424426078796387
gru_w45_huber,4,82,54,160.0,151.39614868164062
gru_w45_huber,4,82,96,118.0,129.82579040527344
gru_w45_huber,4,82,139,75.0,63.033226013183594
gru_w45_huber,4,82,171,43.0,48.53523254394531
gru_w45_huber,4,82,203,11.0,9.397533416748047
gru_w45_huber,4,85,47,141.0,156.41177368164062
gru_w45_huber,4,85,85,103.0,98.0711898803711
gru_w45_huber,4,85,122,66.0,59.69822311401367
gru_w45_huber,4,85,150,38.0,49.8110237121582
gru_w45_huber,4,85,179,9.0,7.211159706115723
gru_w45_huber,4,92,85,256.0,194.292236328125
gru_w45_huber,4,92,153,188.0,171.68565368652344
gru_w45_huber,4,92,222,119.0,91.42088317871094
gru_w45_huber,4,92,273,68.0,54.55865478515625
gru_w45_huber,4,92,324,17.0,9.40274715423584
gru_w45_huber,4,94,64,194.0,124.08535766601562
gru_w45_huber,4,94,116,142.0,99.83768463134766
gru_w45_huber,4,94,168,90.0,73.6621322631836
gru_w45_huber,4,94,206,52.0,55.1535758972168
gru_w45_huber,4,94,245,13.0,11.745471000671387
gru_w45_huber,5,4,47,142.0,117.93604278564453
gru_w45_huber,5,4,85,104.0,164.59634399414062
gru_w45_huber,5,4,123,66.0,68.49279022216797
gru_w45_huber,5,4,151,38.0,34.431007385253906
gru_w45_huber,5,4,180,9.0,6.952115535736084
gru_w45_huber,5,5,67,202.0,195.16062927246094
gru_w45_huber,5,5,121,148.0,128.61048889160156
gru_w45_huber,5,5,175,94.0,78.2601318359375
gru_w45_huber,5,5,215,54.0,39.95952606201172
gru_w45_huber,5,5,256,13.0,7.432287693023682
gru_w45_huber,5,12,42,128.0,145.53079223632812
gru_w45_huber,5,12,76,94.0,125.60892486572266
gru_w45_huber,5,12,110,60.0,75.17540740966797
gru_w45_huber,5,12,136,34.0,31.525203704833984
gru_w45_huber,5,12,162,8.0,5.797632217407227
gru_w45_huber,5,14,45,135.0,133.066162109375
gru_w45_huber,5,14,81,99.0,121.4747085571289
gru_w45_huber,5,14,117,63.0,59.67425537109375
gru_w45_huber,5,14,144,36.0,38.06107711791992
gru_w45_huber,5,14,171,9.0,10.817947387695312
gru_w45_huber,5,15,52,155.0,176.09429931640625
gru_w45_huber,5,15,93,114.0,112.28269958496094
gru_w45_huber,5,15,135,72.0,66.46798706054688
gru_w45_huber,5,15,166,41.0,33.7000617980957
gru_w45_huber,5,15,197,10.0,5.4206109046936035
gru_w45_huber,5,18,49,146.0,139.0318145751953
gru_w45_huber,5,18,88,107.0,111.71749114990234
gru_w45_huber,5,18,127,68.0,107.54647827148438
gru_w45_huber,5,18,156,39.0,44.414405822753906
gru_w45_huber,5,18,185,10.0,11.235940933227539
gru_w45_huber,5,30,48,146.0,142.30328369140625
gru_w45_huber,5,30,87,107.0,115.30374145507812
gru_w45_huber,5,30,126,68.0,103.71476745605469
gru_w45_huber,5,30,155,39.0,38.488250732421875
gru_w45_huber,5,30,184,10.0,6.544872760772705
gru_w45_huber,5,32,48,143.0,152.2087860107422
gru_w45_huber,5,32,86,105.0,112.14753723144531
gru_w45_huber,5,32,124,67.0,62.507938385009766
gru_w45_huber,5,32,153,38.0,35.912296295166016
gru_w45_huber,5,32,181,10.0,4.076106548309326
gru_w45_huber,5,35,45,136.0,122.86219787597656
gru_w45_huber,5,35,81,100.0,116.21768188476562
gru_w45_huber,5,35,118,63.0,78.8410873413086
gru_w45_huber,5,35,145,36.0,35.801780700683594
gru_w45_huber,5,35,172,9.0,9.961437225341797
gru_w45_huber,5,37,42,128.0,130.85166931152344
gru_w45_huber,5,37,76,94.0,79.90044403076172
gru_w45_huber,5,37,110,60.0,64.41083526611328
gru_w45_huber,5,37,136,34.0,38.49397277832031
gru_w45_huber,5,37,162,8.0,6.1899495124816895
gru_w45_huber,5,42,49,147.0,185.90402221679688
gru_w45_huber,5,42,88,108.0,98.87664794921875
gru_w45_huber,5,42,127,69.0,76.36943817138672
gru_w45_huber,5,42,157,39.0,43.0860481262207
gru_w45_huber,5,42,186,10.0,10.414825439453125
gru_w45_huber,5,64,71,212.0,157.1654510498047
gru_w45_huber,5,64,127,156.0,119.7456283569336
gru_w45_huber,5,64,184,99.0,70.89884948730469
gru_w45_huber,5,64,226,57.0,35.508453369140625
gru_w45_huber,5,64,269,14.0,10.100728988647461
gru_w45_huber,5,74,42,124.0,195.1291961669922
gru_w45_huber,5,74,75,91.0,140.66387939453125
gru_w45_huber,5,74,108,58.0,94.32884979248047
gru_w45_huber,5,74,133,33.0,40.178977966308594
gru_w45_huber,5,74,158,8.0,5.369886875152588
gru_w45_huber,5,80,46,139.0,160.37637329101562
gru_w45_huber,5,80,83,102.0,93.4348373413086
gru_w45_huber,5,80,120,65.0,74.07276153564453
gru_w45_huber,5,80,148,37.0,37.36519241333008
gru_w45_huber,5,80,176,9.0,11.722685813903809
gru_w45_huber,5,89,54,163.0,168.26019287109375
gru_w45_huber,5,89,98,119.0,121.86509704589844
gru_w45_huber,5,89,141,76.0,70.68023681640625
gru_w45_huber,5,89,174,43.0,31.747777938842773
gru_w45_huber,5,89,206,11.0,9.123045921325684
gru_w45_huber,5,96,84,252.0,193.93418884277344
gru_w45_huber,5,96,151,185.0,158.68478393554688
gru_w45_huber,5,96,218,118.0,97.10305786132812
gru_w45_huber,5,96,269,67.0,70.41742706298828
gru_w45_huber,5,96,319,17.0,12.838767051696777
gru_w45_huber,5,98,39,117.0,166.96397399902344
gru_w45_huber,5,98,70,86.0,103.72993469238281
gru_w45_huber,5,98,101,55.0,63.896881103515625
gru_w45_huber,5,98,125,31.0,35.431617736816406
gru_w45_huber,5,98,148,8.0,8.103992462158203
lstm_w45_huber,1,16,52,157.0,99.22219848632812
lstm_w45_huber,1,16,94,115.0,87.55308532714844
lstm_w45_huber,1,16,136,73.0,60.76400375366211
lstm_w45_huber,1,16,167,42.0,44.88364028930664
lstm_w45_huber,1,16,199,10.0,5.7324910163879395
lstm_w45_huber,1,20,58,176.0,129.2283172607422
lstm_w45_huber,1,20,105,129.0,101.76919555664062
lstm_w45_huber,1,20,152,82.0,79.0467529296875
lstm_w45_huber,1,20,187,47.0,57.79104995727539
lstm_w45_huber,1,20,222,12.0,10.388154029846191
lstm_w45_huber,1,21,49,146.0,114.36470031738281
lstm_w45_huber,1,21,88,107.0,140.627197265625
lstm_w45_huber,1,21,127,68.0,99.66948699951172
lstm_w45_huber,1,21,156,39.0,36.62083435058594
lstm_w45_huber,1,21,185,10.0,10.79777717590332
lstm_w45_huber,1,29,41,122.0,189.10252380371094
lstm_w45_huber,1,29,73,90.0,107.83799743652344
lstm_w45_huber,1,29,106,57.0,79.3669662475586
lstm_w45_huber,1,29,130,33.0,32.7718391418457
lstm_w45_huber,1,29,155,8.0,7.692934989929199
lstm_w45_huber,1,36,40,118.0,90.57511138916016
lstm_w45_huber,1,36,71,87.0,114.78720092773438
lstm_w45_huber,1,36,103,55.0,58.15568161010742
lstm_w45_huber,1,36,126,32.0,31.32761573791504
lstm_w45_huber,1,36,150,8.0,11.820669174194336
lstm_w45_huber,1,40,47,141.0,92.10018920898438
lstm_w45_huber,1,40,85,103.0,94.40473175048828
lstm_w45_huber,1,40,122,66.0,64.96517181396484
lstm_w45_huber,1,40,150,38.0,43.92700958251953
lstm_w45_huber,1,40,179,9.0,7.300507068634033
lstm_w45_huber,1,47,54,160.0,135.9587860107422
lstm_w45_huber,1,47,96,118.0,178.38819885253906
lstm_w45_huber,1,47,139,75.0,83.09745025634766
lstm_w45_huber,1,47,171,43.0,38.78855514526367
lstm_w45_huber,1,47,203,11.0,15.505380630493164
lstm_w45_huber,1,59,58,173.0,188.84239196777344
lstm_w45_huber,1,59,104,127.0,134.9792022705078
lstm_w45_huber,1,59,150,81.0,100.14674377441406
lstm_w45_huber,1,59,185,46.0,42.20195007324219
lstm_w45_huber,1,59,219,12.0,11.559980392456055
lstm_w45_huber,1,66,50,152.0,123.68878173828125
lstm_w45_huber,1,66,91,111.0,92.42560577392578
lstm_w45_huber,1,66,131,71.0,59.78357696533203
lstm_w45_huber,1,66,162,40.0,36.062034606933594
lstm_w45_huber,1,66,192,10.0,8.15064811706543
lstm_w45_huber,1,68,50,149.0,169.13331604003906
lstm_w45_huber,1,68,90,109.0,83.86389923095703
lstm_w45_huber,1,68,129,70.0,66.52428436279297
lstm_w45_huber,1,68,159,40.0,48.202632904052734
lstm_w45_huber,1,68,189,10.0,8.417777061462402
lstm_w45_huber,1,69,90,272.0,197.7572479248047
lstm_w45_huber,1,69,163,199.0,149.70684814453125
lstm_w45_huber,1,69,235,127.0,125.97527313232422
lstm_w45_huber,1,69,290,72.0,59.108402252197266
lstm_w45_huber,1,69,344,18.0,12.058354377746582
lstm_w45_huber,1,72,53,160.0,153.27207946777344
lstm_w45_huber,1,72,96,117.0,104.02430725097656
lstm_w45_huber,1,72,138,75.0,115.47139739990234
lstm_w45_huber,1,72,170,43.0,37.96921920776367
lstm_w45_huber,1,72,202,11.0,12.08891773223877
lstm_w45_huber,1,76,52,158.0,181.46726989746094
lstm_w45_huber,1,76,94,116.0,130.8265838623047
lstm_w45_huber,1,76,136,74.0,69.35004425048828
lstm_w45_huber,1,76,168,42.0,36.314292907714844
lstm_w45_huber,1,76,200,10.0,10.077999114990234
lstm_w45_huber,1,79,50,149.0,177.44862365722656
lstm_w45_huber,1,79,90,109.0,147.55186462402344
lstm_w45_huber,1,79,129,70.0,90.48833465576172
lstm_w45_huber,1,79,159,40.0,46.649314880371094
lstm_w45_huber,1,79,189,10.0,9.382959365844727
lstm_w45_huber,1,83,73,220.0,187.9964599609375
lstm_w45_huber,1,83,132,161.0,151.56185913085938
lstm_w45_huber,1,83,190,103.0,97.12044525146484
lstm_w45_huber,1,83,234,59.0,58.879852294921875
lstm_w45_huber,1,83,278,15.0,12.315465927124023
lstm_w45_huber,1,86,70,208.0,140.5823516845703
lstm_w45_huber,1,86,125,153.0,107.17056274414062
lstm_w45_huber,1,86,181,97.0,71.27140045166016
lstm_w45_huber,1,86,222,56.0,50.437904357910156
lstm_w45_huber,1,86,264,14.0,12.081787109375
lstm_w45_huber,1,95,71,212.0,197.06809997558594
lstm_w45_huber,1,95,127,156.0,179.6432647705078
lstm_w45_huber,1,95,184,99.0,89.79888916015625
lstm_w45_huber,1,95,226,57.0,56.885276794433594
lstm_w45_huber,1,95,269,14.0,19.99826431274414
lstm_w45_huber,2,2,72,215.0,167.67437744140625
lstm_w45_huber,2,2,129,158.0,134.69093322753906
lstm_w45_huber,2,2,187,100.0,79.49200439453125
lstm_w45_huber,2,2,230,57.0,42.86691665649414
lstm_w45_huber,2,2,273,14.0,17.061931610107422
lstm_w45_huber,2,9,50,151.0,144.96754455566406
lstm_w45_huber,2,9,90,111.0,130.5061492919922
lstm_w45_huber,2,9,131,70.0,78.13481903076172
lstm_w45_huber,2,9,161,40.0,42.570220947265625
lstm_w45_huber,2,9,191,10.0,6.471792697906494
lstm_w45_huber,2,13,41,122.0,154.6976318359375
lstm_w45_huber,2,13,73,90.0,112.64773559570312
lstm_w45_huber,2,13,106,57.0,69.16014862060547
lstm_w45_huber,2,13,130,33.0,44.11399459838867
lstm_w45_huber,2,13,155,8.0,8.874459266662598
lstm_w45_huber,2,19,40,118.0,130.39683532714844
lstm_w45_huber,2,19,71,87.0,127.039794921875
lstm_w45_huber,2,19,103,55.0,46.37109375
lstm_w45_huber,2,19,126,32.0,31.951400756835938
lstm_w45_huber,2,19,150,8.0,9.137293815612793
lstm_w45_huber,2,25,58,172.0,121.22118377685547
lstm_w45_huber,2,25,104,126.0,123.99784851074219
lstm_w45_huber,2,25,150,80.0,76.30303955078125
lstm_w45_huber,2,25,184,46.0,49.894718170166016
lstm_w45_huber,2,25,218,12.0,13.904777526855469
lstm_w45_huber,2,39,32,96.0,135.16551208496094
lstm_w45_huber,2,39,58,70.0,77.2847900390625
lstm_w45_huber,2,39,83,45.0,52.4724235534668
lstm_w45_huber,2,39,102,26.0,33.48101043701172
lstm_w45_huber,2,39,122,6.0,7.27249002456665
lstm_w45_huber,2,43,52,155.0,138.98509216308594
lstm_w45_huber,2,43,93,114.0,92.50666809082031
lstm_w45_huber,2,43,135,72.0,85.89862823486328
lstm_w45_huber,2,43,166,41.0,41.07368469238281
lstm_w45_huber,2,43,197,10.0,5.9608988761901855
lstm_w45_huber,2,48,58,173.0,153.3793182373047
lstm_w45_huber,2,48,104,127.0,118.44149017333984
lstm_w45_huber,2,48,150,81.0,92.09232330322266
lstm_w45_huber,2,48,185,46.0,40.5128288269043
lstm_w45_huber,2,48,219,12.0,9.712632179260254
lstm_w45_huber,2,51,53,160.0,147.71009826660156
lstm_w45_huber,2,51,96,117.0,126.51509094238281
lstm_w45_huber,2,51,138,75.0,88.8511734008789
lstm_w45_huber,2,51,170,43.0,35.17504119873047
lstm_w45_huber,2,51,202,11.0,11.299856185913086
lstm_w45_huber,2,53,49,146.0,160.6516876220703
lstm_w45_huber,2,53,88,107.0,149.73989868164062
lstm_w45_huber,2,53,127,68.0,70.04861450195312
lstm_w45_huber,2,53,156,39.0,39.79489517211914
lstm_w45_huber,2,53,185,10.0,11.919841766357422
lstm_w45_huber,2,55,48,145.0,156.779052734375
lstm_w45_huber,2,55,87,106.0,104.95703887939453
lstm_w45_huber,2,55,125,68.0,99.03690338134766
lstm_w45_huber,2,55,154,39.0,42.924957275390625
lstm_w45_huber,2,55,183,10.0,9.007691383361816
lstm_w45_huber,2,57,34,103.0,160.03822326660156
lstm_w45_huber,2,57,62,75.0,111.41612243652344
lstm_w45_huber,2,57,89,48.0,74.12910461425781
lstm_w45_huber,2,57,110,27.0,33.50089645385742
lstm_w45_huber,2,57,130,7.0,9.319281578063965
lstm_w45_huber,2,60,43,129.0,135.30783081054688
lstm_w45_huber,2,60,77,95.0,103.22908020019531
lstm_w45_huber,2,60,112,60.0,86.62448120117188
lstm_w45_huber,2,60,138,34.0,40.01222229003906
lstm_w45_huber,2,60,163,9.0,10.333771705627441
lstm_w45_huber,2,75,57,172.0,130.3300323486328
lstm_w45_huber,2,75,103,126.0,125.69332122802734
lstm_w45_huber,2,75,149,80.0,65.40388488769531
lstm_w45_huber,2,75,183,46.0,34.7196159362793
lstm_w45_huber,2,75,218,11.0,9.349939346313477
lstm_w45_huber,2,78,58,173.0,173.24520874023438
lstm_w45_huber,2,78,104,127.0,131.2664031982422
lstm_w45_huber,2,78,150,81.0,71.73444366455078
lstm_w45_huber,2,78,185,46.0,35.3331298828125
lstm_w45_huber,2,78,219,12.0,13.643806457519531
lstm_w45_huber,2,99,46,139.0,149.40525817871094
lstm_w45_huber,2,99,83,102.0,193.68707275390625
lstm_w45_huber,2,99,120,65.0,88.17943572998047
lstm_w45_huber,2,99,148,37.0,34.1949577331543
lstm_w45_huber,2,99,176,9.0,9.26141357421875
lstm_w45_huber,2,100,50,150.0,169.9478302001953
lstm_w45_huber,2,100,90,110.0,85.78340911865234
lstm_w45_huber,2,100,130,70.0,90.5604019165039
lstm_w45_huber,2,100,160,40.0,42.15089797973633
lstm_w45_huber,2,100,190,10.0,15.306289672851562
lstm_w45_huber,3,3,45,134.0,137.97865295410156
lstm_w45_huber,3,3,81,98.0,108.20454406738281
lstm_w45_huber,3,3,116,63.0,81.0748062133789
lstm_w45_huber,3,3,143,36.0,44.95008087158203
lstm_w45_huber,3,3,170,9.0,9.84679889678955
lstm_w45_huber,3,6,47,141.0,152.0606689453125
lstm_w45_huber,3,6,85,103.0,102.81795501708984
lstm_w45_huber,3,6,122,66.0,68.37845611572266
lstm_w45_huber,3,6,150,38.0,31.1258487701416
lstm_w45_huber,3,6,179,9.0,3.9741780757904053
lstm_w45_huber,3,7,65,194.0,184.67227172851562
lstm_w45_huber,3,7,117,142.0,103.98884582519531
lstm_w45_huber,3,7,168,91.0,65.15262603759766
lstm_w45_huber,3,7,207,52.0,51.934326171875
lstm_w45_huber,3,7,246,13.0,14.216951370239258
lstm_w45_huber,3,8,38,112.0,147.715576171875
lstm_w45_huber,3,8,68,82.0,78.32389068603516
lstm_w45_huber,3,8,98,52.0,54.420074462890625
lstm_w45_huber,3,8,120,30.0,39.27645492553711
lstm_w45_huber,3,8,142,8.0,4.622932434082031
lstm_w45_huber,3,10,56,166.0,189.09963989257812
lstm_w45_huber,3,10,100,122.0,137.7667694091797
lstm_w45_huber,3,10,144,78.0,81.186279296875
lstm_w45_huber,3,10,178,44.0,43.854774475097656
lstm_w45_huber,3,10,211,11.0,14.777690887451172
lstm_w45_huber,3,17,69,207.0,124.70274353027344
lstm_w45_huber,3,17,124,152.0,111.08060455322266
lstm_w45_huber,3,17,179,97.0,78.58157348632812
lstm_w45_huber,3,17,221,55.0,48.70679473876953
lstm_w45_huber,3,17,262,14.0,14.292501449584961
lstm_w45_huber,3,24,37,110.0,129.21514892578125
lstm_w45_huber,3,24,66,81.0,96.66944885253906
lstm_w45_huber,3,24,96,51.0,73.87863159179688
lstm_w45_huber,3,24,118,29.0,32.26876449584961
lstm_w45_huber,3,24,140,7.0,9.601338386535645
lstm_w45_huber,3,26,50,149.0,104.48888397216797
lstm_w45_huber,3,26,90,109.0,111.13555145263672
lstm_w45_huber,3,26,129,70.0,106.6385498046875
lstm_w45_huber,3,26,159,40.0,37.36263656616211
lstm_w45_huber,3,26,189,10.0,14.364144325256348
lstm_w45_huber,3,41,54,162.0,179.81141662597656
lstm_w45_huber,3,41,97,119.0,107.4345932006836
lstm_w45_huber,3,41,140,76.0,65.8925552368164
lstm_w45_huber,3,41,173,43.0,42.83377456665039
lstm_w45_huber,3,41,205,11.0,14.546716690063477
lstm_w45_huber,3,45,40,118.0,194.8602752685547
lstm_w45_huber,3,45,71,87.0,139.1123809814453
lstm_w45_huber,3,45,103,55.0,70.09251403808594
lstm_w45_huber,3,45,126,32.0,45.095367431640625
lstm_w45_huber,3,45,150,8.0,7.865720748901367
lstm_w45_huber,3,52,53,160.0,140.58689880371094
lstm_w45_huber,3,52,96,117.0,74.88714599609375
lstm_w45_huber,3,52,138,75.0,77.46735382080078
lstm_w45_huber,3,52,170,43.0,36.25933837890625
lstm_w45_huber,3,52,202,11.0,13.990942001342773
lstm_w45_huber,3,56,69,206.0,129.39210510253906
lstm_w45_huber,3,56,124,151.0,122.22119140625
lstm_w45_huber,3,56,179,96.0,70.11144256591797
lstm_w45_huber,3,56,220,55.0,13.902365684509277
lstm_w45_huber,3,56,261,14.0,14.12614631652832
lstm_w45_huber,3,62,45,135.0,139.44155883789062
lstm_w45_huber,3,62,81,99.0,106.70630645751953
lstm_w45_huber,3,62,117,63.0,77.92888641357422
lstm_w45_huber,3,62,144,36.0,12.540583610534668
lstm_w45_huber,3,62,171,9.0,13.252082824707031
lstm_w45_huber,3,73,53,160.0,152.0851593017578
lstm_w45_huber,3,73,96,117.0,115.38822937011719
lstm_w45_huber,3,73,138,75.0,54.328495025634766
lstm_w45_huber,3,73,170,43.0,33.323280334472656
lstm_w45_huber,3,73,202,11.0,13.131866455078125
lstm_w45_huber,3,87,44,134.0,126.46585083007812
lstm_w45_huber,3,87,80,98.0,116.7323226928711
lstm_w45_huber,3,87,116,62.0,63.945011138916016
lstm_w45_huber,3,87,142,36.0,37.41839599609375
lstm_w45_huber,3,87,169,9.0,13.484496116638184
lstm_w45_huber,3,90,38,116.0,144.26153564453125
lstm_w45_huber,3,90,69,85.0,118.41558074951172
lstm_w45_huber,3,90,100,54.0,98.52606964111328
lstm_w45_huber,3,90,123,31.0,45.55523681640625
lstm_w45_huber,3,90,146,8.0,12.453333854675293
lstm_w45_huber,3,91,34,101.0,97.41559600830078
lstm_w45_huber,3,91,61,74.0,84.59473419189453
lstm_w45_huber,3,91,88,47.0,54.409095764160156
lstm_w45_huber,3,91,108,27.0,13.731040000915527
lstm_w45_huber,3,91,128,7.0,13.430190086364746
lstm_w45_huber,4,1,48,144.0,181.93540954589844
lstm_w45_huber,4,1,86,106.0,118.7767333984375
lstm_w45_huber,4,1,125,67.0,62.90670394897461
lstm_w45_huber,4,1,154,38.0,47.865055084228516
lstm_w45_huber,4,1,182,10.0,7.7852325439453125
lstm_w45_huber,4,11,60,180.0,135.51368713378906
lstm_w45_huber,4,11,108,132.0,124.88219451904297
lstm_w45_huber,4,11,156,84.0,64.89017486572266
lstm_w45_huber,4,11,192,48.0,50.18620300292969
lstm_w45_huber,4,11,228,12.0,10.228965759277344
lstm_w45_huber,4,23,42,126.0,162.18560791015625
lstm_w45_huber,4,23,76,92.0,92.50115203857422
lstm_w45_huber,4,23,109,59.0,75.6137466430664
lstm_w45_huber,4,23,134,34.0,32.2840690612793
lstm_w45_huber,4,23,160,8.0,7.198128700256348
lstm_w45_huber,4,28,41,124.0,159.4866485595703
lstm_w45_huber,4,28,74,91.0,125.91014862060547
lstm_w45_huber,4,28,107,58.0,63.6292839050293
lstm_w45_huber,4,28,132,33.0,45.16946029663086
lstm_w45_huber,4,28,157,8.0,8.6770658493042
lstm_w45_huber,4,44,48,144.0,129.6918487548828
lstm_w45_huber,4,44,86,106.0,131.302490234375
lstm_w45_huber,4,44,125,67.0,94.75093078613281
lstm_w45_huber,4,44,154,38.0,42.96214294433594
lstm_w45_huber,4,44,182,10.0,8.091024398803711
lstm_w45_huber,4,54,64,193.0,137.37258911132812
lstm_w45_huber,4,54,116,141.0,113.31875610351562
lstm_w45_huber,4,54,167,90.0,90.74855041503906
lstm_w45_huber,4,54,206,51.0,49.76344680786133
lstm_w45_huber,4,54,244,13.0,11.527532577514648
lstm_w45_huber,4,58,37,110.0,125.80924224853516
lstm_w45_huber,4,58,66,81.0,194.6300811767578
lstm_w45_huber,4,58,96,51.0,76.80672454833984
lstm_w45_huber,4,58,118,29.0,32.86784362792969
lstm_w45_huber,4,58,140,7.0,6.501534938812256
lstm_w45_huber,4,61,46,139.0,168.67086791992188
lstm_w45_huber,4,61,83,102.0,138.94407653808594
lstm_w45_huber,4,61,120,65.0,73.84579467773438
lstm_w45_huber,4,61,148,37.0,45.31059646606445
lstm_w45_huber,4,61,176,9.0,6.3073835372924805
lstm_w45_huber,4,63,44,130.0,178.48583984375
lstm_w45_huber,4,63,78,96.0,188.93179321289062
lstm_w45_huber,4,63,113,61.0,59.92936706542969
lstm_w45_huber,4,63,139,35.0,36.48814392089844
lstm_w45_huber,4,63,165,9.0,8.264883041381836
lstm_w45_huber,4,65,38,115.0,127.85277557373047
lstm_w45_huber,4,65,69,84.0,113.19625091552734
lstm_w45_huber,4,65,99,54.0,74.07999420166016
lstm_w45_huber,4,65,122,31.0,37.42021560668945
lstm_w45_huber,4,65,145,8.0,6.360567569732666
lstm_w45_huber,4,67,78,235.0,145.44418334960938
lstm_w45_huber,4,67,141,172.0,161.87843322753906
lstm_w45_huber,4,67,203,110.0,82.20206451416016
lstm_w45_huber,4,67,250,63.0,56.61888885498047
lstm_w45_huber,4,67,297,16.0,6.409849166870117
lstm_w45_huber,4,70,34,103.0,148.34962463378906
lstm_w45_huber,4,70,62,75.0,159.1067352294922
lstm_w45_huber,4,70,89,48.0,75.81590270996094
lstm_w45_huber,4,70,110,27.0,34.085750579833984
lstm_w45_huber,4,70,130,7.0,7.885689735412598
lstm_w45_huber,4,71,52,156.0,151.3677978515625
lstm_w45_huber,4,71,94,114.0,115.22476959228516
lstm_w45_huber,4,71,135,73.0,90.34819030761719
lstm_w45_huber,4,71,166,42.0,45.06637191772461
lstm_w45_huber,4,71,198,10.0,11.309596061706543
lstm_w45_huber,4,82,54,160.0,151.5953369140625
lstm_w45_huber,4,82,96,118.0,141.18106079101562
lstm_w45_huber,4,82,139,75.0,63.87715148925781
lstm_w45_huber,4,82,171,43.0,43.40497589111328
lstm_w45_huber,4,82,203,11.0,8.992512702941895
lstm_w45_huber,4,85,47,141.0,192.4297637939453
lstm_w45_huber,4,85,85,103.0,86.04045867919922
lstm_w45_huber,4,85,122,66.0,76.37362670898438
lstm_w45_huber,4,85,150,38.0,50.321327209472656
lstm_w45_huber,4,85,179,9.0,8.384705543518066
lstm_w45_huber,4,92,85,256.0,201.68817138671875
lstm_w45_huber,4,92,153,188.0,196.54100036621094
lstm_w45_huber,4,92,222,119.0,89.22071075439453
lstm_w45_huber,4,92,273,68.0,46.95918273925781
lstm_w45_huber,4,92,324,17.0,6.175556182861328
lstm_w45_huber,4,94,64,194.0,139.39215087890625
lstm_w45_huber,4,94,116,142.0,126.47809600830078
lstm_w45_huber,4,94,168,90.0,84.10110473632812
lstm_w45_huber,4,94,206,52.0,47.79376983642578
lstm_w45_huber,4,94,245,13.0,7.045847415924072
lstm_w45_huber,5,4,47,142.0,130.0590057373047
lstm_w45_huber,5,4,85,104.0,149.4316864013672
lstm_w45_huber,5,4,123,66.0,84.2736587524414
lstm_w45_huber,5,4,151,38.0,36.4338493347168
lstm_w45_huber,5,4,180,9.0,6.395254135131836
lstm_w45_huber,5,5,67,202.0,193.27911376953125
lstm_w45_huber,5,5,121,148.0,133.93731689453125
lstm_w45_huber,5,5,175,94.0,77.67607879638672
lstm_w45_huber,5,5,215,54.0,44.434234619140625
lstm_w45_huber,5,5,256,13.0,7.536189079284668
lstm_w45_huber,5,12,42,128.0,119.67253112792969
lstm_w45_huber,5,12,76,94.0,113.48118591308594
lstm_w45_huber,5,12,110,60.0,74.23812866210938
lstm_w45_huber,5,12,136,34.0,32.088314056396484
lstm_w45_huber,5,12,162,8.0,8.198857307434082
lstm_w45_huber,5,14,45,135.0,108.37456512451172
lstm_w45_huber,5,14,81,99.0,171.96090698242188
lstm_w45_huber,5,14,117,63.0,58.520103454589844
lstm_w45_huber,5,14,144,36.0,44.41727066040039
lstm_w45_huber,5,14,171,9.0,11.173995018005371
lstm_w45_huber,5,15,52,155.0,154.5995635986328
lstm_w45_huber,5,15,93,114.0,109.35401153564453
lstm_w45_huber,5,15,135,72.0,72.8907241821289
lstm_w45_huber,5,15,166,41.0,34.10997009277344
lstm_w45_huber,5,15,197,10.0,5.209437370300293
lstm_w45_huber,5,18,49,146.0,125.15367126464844
lstm_w45_huber,5,18,88,107.0,117.94032287597656
lstm_w45_huber,5,18,127,68.0,83.26302337646484
lstm_w45_huber,5,18,156,39.0,42.36320495605469
lstm_w45_huber,5,18,185,10.0,9.769369125366211
lstm_w45_huber,5,30,48,146.0,162.18243408203125
lstm_w45_huber,5,30,87,107.0,132.2056884765625
lstm_w45_huber,5,30,126,68.0,92.46588134765625
lstm_w45_huber,5,30,155,39.0,35.16880798339844
lstm_w45_huber,5,30,184,10.0,9.258111000061035
lstm_w45_huber,5,32,48,143.0,180.9412384033203
lstm_w45_huber,5,32,86,105.0,102.64200592041016
lstm_w45_huber,5,32,124,67.0,66.73272705078125
lstm_w45_huber,5,32,153,38.0,33.797340393066406
lstm_w45_huber,5,32,181,10.0,6.627124786376953
lstm_w45_huber,5,35,45,136.0,188.8523406982422
lstm_w45_huber,5,35,81,100.0,131.96498107910156
lstm_w45_huber,5,35,118,63.0,62.77371597290039
lstm_w45_huber,5,35,145,36.0,38.6649055480957
lstm_w45_huber,5,35,172,9.0,7.872807502746582
lstm_w45_huber,5,37,42,128.0,115.54090118408203
lstm_w45_huber,5,37,76,94.0,124.17010498046875
lstm_w45_huber,5,37,110,60.0,62.44961929321289
lstm_w45_huber,5,37,136,34.0,37.89057922363281
lstm_w45_huber,5,37,162,8.0,9.834630012512207
lstm_w45_huber,5,42,49,147.0,168.0642547607422
lstm_w45_huber,5,42,88,108.0,169.427734375
lstm_w45_huber,5,42,127,69.0,84.96730041503906
lstm_w45_huber,5,42,157,39.0,49.171844482421875
lstm_w45_huber,5,42,186,10.0,11.206873893737793
lstm_w45_huber,5,64,71,212.0,136.9003448486328
lstm_w45_huber,5,64,127,156.0,89.8446044921875
lstm_w45_huber,5,64,184,99.0,65.30007934570312
lstm_w45_huber,5,64,226,57.0,42.011043548583984
lstm_w45_huber,5,64,269,14.0,9.438602447509766
lstm_w45_huber,5,74,42,124.0,127.53121185302734
lstm_w45_huber,5,74,75,91.0,113.92350006103516
lstm_w45_huber,5,74,108,58.0,110.19483947753906
lstm_w45_huber,5,74,133,33.0,39.23755645751953
lstm_w45_huber,5,74,158,8.0,6.130441188812256
lstm_w45_huber,5,80,46,139.0,142.85885620117188
lstm_w45_huber,5,80,83,102.0,132.8681182861328
lstm_w45_huber,5,80,120,65.0,77.73983001708984
lstm_w45_huber,5,80,148,37.0,42.70625305175781
lstm_w45_huber,5,80,176,9.0,8.61666202545166
lstm_w45_huber,5,89,54,163.0,130.9661865234375
lstm_w45_huber,5,89,98,119.0,126.67841339111328
lstm_w45_huber,5,89,141,76.0,78.61314392089844
lstm_w45_huber,5,89,174,43.0,34.978851318359375
lstm_w45_huber,5,89,206,11.0,6.407607078552246
lstm_w45_huber,5,96,84,252.0,166.85662841796875
lstm_w45_huber,5,96,151,185.0,142.70472717285156
lstm_w45_huber,5,96,218,118.0,64.54515075683594
lstm_w45_huber,5,96,269,67.0,68.5042495727539
lstm_w45_huber,5,96,319,17.0,16.639490127563477
lstm_w45_huber,5,98,39,117.0,160.3403778076172
lstm_w45_huber,5,98,70,86.0,118.89647674560547
lstm_w45_huber,5,98,101,55.0,58.60074996948242
lstm_w45_huber,5,98,125,31.0,36.60418701171875
lstm_w45_huber,5,98,148,8.0,8.144052505493164
gru_w60_huber,1,16,52,157.0,96.67288970947266
gru_w60_huber,1,16,94,115.0,107.64850616455078
gru_w60_huber,1,16,136,73.0,71.24337768554688
gru_w60_huber,1,16,167,42.0,40.08263397216797
gru_w60_huber,1,16,199,10.0,7.419947624206543
gru_w60_huber,1,20,58,176.0,137.35491943359375
gru_w60_huber,1,20,105,129.0,122.396728515625
gru_w60_huber,1,20,152,82.0,84.54679107666016
gru_w60_huber,1,20,187,47.0,45.45188522338867
gru_w60_huber,1,20,222,12.0,13.790897369384766
gru_w60_huber,1,21,49,146.0,124.51009368896484
gru_w60_huber,1,21,88,107.0,159.49269104003906
gru_w60_huber,1,21,127,68.0,93.66455841064453
gru_w60_huber,1,21,156,39.0,38.294151306152344
gru_w60_huber,1,21,185,10.0,12.128405570983887
gru_w60_huber,1,29,41,122.0,182.45523071289062
gru_w60_huber,1,29,73,90.0,97.0085678100586
gru_w60_huber,1,29,106,57.0,82.45672607421875
gru_w60_huber,1,29,130,33.0,38.35430145263672
gru_w60_huber,1,29,155,8.0,6.935060024261475
gru_w60_huber,1,36,40,118.0,121.81419372558594
gru_w60_huber,1,36,71,87.0,114.74358367919922
gru_w60_huber,1,36,103,55.0,57.74807357788086
gru_w60_huber,1,36,126,32.0,31.542407989501953
gru_w60_huber,1,36,150,8.0,10.928606033325195
gru_w60_huber,1,40,47,141.0,112.22576141357422
gru_w60_huber,1,40,85,103.0,107.52391052246094
gru_w60_huber,1,40,122,66.0,57.15677261352539
gru_w60_huber,1,40,150,38.0,45.398860931396484
gru_w60_huber,1,40,179,9.0,6.565894603729248
gru_w60_huber,1,47,54,160.0,121.6102294921875
gru_w60_huber,1,47,96,118.0,126.03531646728516
gru_w60_huber,1,47,139,75.0,78.00244140625
gru_w60_huber,1,47,171,43.0,39.13379669189453
gru_w60_huber,1,47,203,11.0,13.274374008178711
gru_w60_huber,1,59,58,173.0,161.30946350097656
gru_w60_huber,1,59,104,127.0,104.69544982910156
gru_w60_huber,1,59,150,81.0,95.20024871826172
gru_w60_huber,1,59,185,46.0,41.071571350097656
gru_w60_huber,1,59,219,12.0,12.54505729675293
gru_w60_huber,1,66,50,152.0,147.59161376953125
gru_w60_huber,1,66,91,111.0,97.10294342041016
gru_w60_huber,1,66,131,71.0,73.17786407470703
gru_w60_huber,1,66,162,40.0,39.81446838378906
gru_w60_huber,1,66,192,10.0,8.812583923339844
gru_w60_huber,1,68,50,149.0,165.28646850585938
gru_w60_huber,1,68,90,109.0,94.9000473022461
gru_w60_huber,1,68,129,70.0,83.21870422363281
gru_w60_huber,1,68,159,40.0,44.26627731323242
gru_w60_huber,1,68,189,10.0,10.76276683807373
gru_w60_huber,1,69,90,272.0,176.84588623046875
gru_w60_huber,1,69,163,199.0,147.35806274414062
gru_w60_huber,1,69,235,127.0,136.5387420654297
gru_w60_huber,1,69,290,72.0,51.49934387207031
gru_w60_huber,1,69,344,18.0,13.663483619689941
gru_w60_huber,1,72,53,160.0,184.46087646484375
gru_w60_huber,1,72,96,117.0,125.23937225341797
gru_w60_huber,1,72,138,75.0,62.22446823120117
gru_w60_huber,1,72,170,43.0,32.04505157470703
gru_w60_huber,1,72,202,11.0,12.145918846130371
gru_w60_huber,1,76,52,158.0,146.71058654785156
gru_w60_huber,1,76,94,116.0,117.1039810180664
gru_w60_huber,1,76,136,74.0,70.62858581542969
gru_w60_huber,1,76,168,42.0,34.48293685913086
gru_w60_huber,1,76,200,10.0,8.654094696044922
gru_w60_huber,1,79,50,149.0,162.3710479736328
gru_w60_huber,1,79,90,109.0,135.58575439453125
gru_w60_huber,1,79,129,70.0,84.34125518798828
gru_w60_huber,1,79,159,40.0,43.65485763549805
gru_w60_huber,1,79,189,10.0,9.55529499053955
gru_w60_huber,1,83,73,220.0,186.17930603027344
gru_w60_huber,1,83,132,161.0,151.00511169433594
gru_w60_huber,1,83,190,103.0,86.49390411376953
gru_w60_huber,1,83,234,59.0,65.38411712646484
gru_w60_huber,1,83,278,15.0,13.336082458496094
gru_w60_huber,1,86,70,208.0,182.94857788085938
gru_w60_huber,1,86,125,153.0,121.1578140258789
gru_w60_huber,1,86,181,97.0,80.08968353271484
gru_w60_huber,1,86,222,56.0,51.616676330566406
gru_w60_huber,1,86,264,14.0,10.97715950012207
gru_w60_huber,1,95,71,212.0,171.91415405273438
gru_w60_huber,1,95,127,156.0,155.27777099609375
gru_w60_huber,1,95,184,99.0,96.0126724243164
gru_w60_huber,1,95,226,57.0,58.12721633911133
gru_w60_huber,1,95,269,14.0,17.454254150390625
gru_w60_huber,2,2,72,215.0,134.3851776123047
gru_w60_huber,2,2,129,158.0,145.2421112060547
gru_w60_huber,2,2,187,100.0,74.89737701416016
gru_w60_huber,2,2,230,57.0,36.71649169921875
gru_w60_huber,2,2,273,14.0,7.8580641746521
gru_w60_huber,2,9,50,151.0,151.4917449951172
gru_w60_huber,2,9,90,111.0,127.64732360839844
gru_w60_huber,2,9,131,70.0,118.37425231933594
gru_w60_huber,2,9,161,40.0,47.27692413330078
gru_w60_huber,2,9,191,10.0,7.18695068359375
gru_w60_huber,2,13,41,122.0,186.06390380859375
gru_w60_huber,2,13,73,90.0,115.8014144897461
gru_w60_huber,2,13,106,57.0,59.55820083618164
gru_w60_huber,2,13,130,33.0,33.92449188232422
gru_w60_huber,2,13,155,8.0,5.400863170623779
gru_w60_huber,2,19,40,118.0,143.49085998535156
gru_w60_huber,2,19,71,87.0,112.12089538574219
gru_w60_huber,2,19,103,55.0,45.63552474975586
gru_w60_huber,2,19,126,32.0,29.012351989746094
gru_w60_huber,2,19,150,8.0,4.8020453453063965
gru_w60_huber,2,25,58,172.0,142.81190490722656
gru_w60_huber,2,25,104,126.0,117.68254852294922
gru_w60_huber,2,25,150,80.0,75.26449584960938
gru_w60_huber,2,25,184,46.0,40.943756103515625
gru_w60_huber,2,25,218,12.0,7.9005537033081055
gru_w60_huber,2,39,32,96.0,142.29119873046875
gru_w60_huber,2,39,58,70.0,78.31232452392578
gru_w60_huber,2,39,83,45.0,52.60456085205078
gru_w60_huber,2,39,102,26.0,39.52537155151367
gru_w60_huber,2,39,122,6.0,4.270800590515137
gru_w60_huber,2,43,52,155.0,140.29876708984375
gru_w60_huber,2,43,93,114.0,103.05187225341797
gru_w60_huber,2,43,135,72.0,66.04985809326172
gru_w60_huber,2,43,166,41.0,37.958953857421875
gru_w60_huber,2,43,197,10.0,5.03759241104126
gru_w60_huber,2,48,58,173.0,193.69236755371094
gru_w60_huber,2,48,104,127.0,122.54393768310547
gru_w60_huber,2,48,150,81.0,95.00093078613281
gru_w60_huber,2,48,185,46.0,39.494239807128906
gru_w60_huber,2,48,219,12.0,7.176246166229248
gru_w60_huber,2,51,53,160.0,154.3280792236328
gru_w60_huber,2,51,96,117.0,119.82841491699219
gru_w60_huber,2,51,138,75.0,103.28176879882812
gru_w60_huber,2,51,170,43.0,39.19988250732422
gru_w60_huber,2,51,202,11.0,9.685201644897461
gru_w60_huber,2,53,49,146.0,197.10812377929688
gru_w60_huber,2,53,88,107.0,109.44424438476562
gru_w60_huber,2,53,127,68.0,60.4784049987793
gru_w60_huber,2,53,156,39.0,34.006168365478516
gru_w60_huber,2,53,185,10.0,6.4470720291137695
gru_w60_huber,2,55,48,145.0,177.9676971435547
gru_w60_huber,2,55,87,106.0,103.6734848022461
gru_w60_huber,2,55,125,68.0,86.89277648925781
gru_w60_huber,2,55,154,39.0,40.08330535888672
gru_w60_huber,2,55,183,10.0,6.048880577087402
gru_w60_huber,2,57,34,103.0,165.17694091796875
gru_w60_huber,2,57,62,75.0,140.5782928466797
gru_w60_huber,2,57,89,48.0,62.127708435058594
gru_w60_huber,2,57,110,27.0,27.193836212158203
gru_w60_huber,2,57,130,7.0,6.282749176025391
gru_w60_huber,2,60,43,129.0,150.76878356933594
gru_w60_huber,2,60,77,95.0,99.88278198242188
gru_w60_huber,2,60,112,60.0,66.8927993774414
gru_w60_huber,2,60,138,34.0,33.16576385498047
gru_w60_huber,2,60,163,9.0,5.472384452819824
gru_w60_huber,2,75,57,172.0,125.74604797363281
gru_w60_huber,2,75,103,126.0,131.28114318847656
gru_w60_huber,2,75,149,80.0,61.35331726074219
gru_w60_huber,2,75,183,46.0,37.96506118774414
gru_w60_huber,2,75,218,11.0,3.9642491340637207
gru_w60_huber,2,78,58,173.0,153.04226684570312
gru_w60_huber,2,78,104,127.0,116.78331756591797
gru_w60_huber,2,78,150,81.0,83.87991333007812
gru_w60_huber,2,78,185,46.0,37.63718032836914
gru_w60_huber,2,78,219,12.0,5.6579413414001465
gru_w60_huber,2,99,46,139.0,127.86886596679688
gru_w60_huber,2,99,83,102.0,196.48287963867188
gru_w60_huber,2,99,120,65.0,62.373111724853516
gru_w60_huber,2,99,148,37.0,34.08494186401367
gru_w60_huber,2,99,176,9.0,3.1405141353607178
gru_w60_huber,2,100,50,150.0,198.12017822265625
gru_w60_huber,2,100,90,110.0,102.28315734863281
gru_w60_huber,2,100,130,70.0,82.33686828613281
gru_w60_huber,2,100,160,40.0,32.240474700927734
gru_w60_huber,2,100,190,10.0,9.703627586364746
gru_w60_huber,3,3,45,134.0,173.5833740234375
gru_w60_huber,3,3,81,98.0,115.92256164550781
gru_w60_huber,3,3,116,63.0,79.8813247680664
gru_w60_huber,3,3,143,36.0,40.82016372680664
gru_w60_huber,3,3,170,9.0,10.422516822814941
gru_w60_huber,3,6,47,141.0,155.0615692138672
gru_w60_huber,3,6,85,103.0,124.69000244140625
gru_w60_huber,3,6,122,66.0,80.73072814941406
gru_w60_huber,3,6,150,38.0,37.10453796386719
gru_w60_huber,3,6,179,9.0,7.707632541656494
gru_w60_huber,3,7,65,194.0,130.3496856689453
gru_w60_huber,3,7,117,142.0,103.51150512695312
gru_w60_huber,3,7,168,91.0,64.86347961425781
gru_w60_huber,3,7,207,52.0,38.52615737915039
gru_w60_huber,3,7,246,13.0,13.131266593933105
gru_w60_huber,3,8,38,112.0,153.92955017089844
gru_w60_huber,3,8,68,82.0,124.55409240722656
gru_w60_huber,3,8,98,52.0,52.3730583190918
gru_w60_huber,3,8,120,30.0,42.73417282104492
gru_w60_huber,3,8,142,8.0,10.281561851501465
gru_w60_huber,3,10,56,166.0,163.9306182861328
gru_w60_huber,3,10,100,122.0,130.62551879882812
gru_w60_huber,3,10,144,78.0,87.61369323730469
gru_w60_huber,3,10,178,44.0,40.768341064453125
gru_w60_huber,3,10,211,11.0,11.078107833862305
gru_w60_huber,3,17,69,207.0,124.31171417236328
gru_w60_huber,3,17,124,152.0,102.30892944335938
gru_w60_huber,3,17,179,97.0,84.55339813232422
gru_w60_huber,3,17,221,55.0,43.31454086303711
gru_w60_huber,3,17,262,14.0,11.253443717956543
gru_w60_huber,3,24,37,110.0,122.50745391845703
gru_w60_huber,3,24,66,81.0,95.34325408935547
gru_w60_huber,3,24,96,51.0,55.43306350708008
gru_w60_huber,3,24,118,29.0,29.752710342407227
gru_w60_huber,3,24,140,7.0,6.483640670776367
gru_w60_huber,3,26,50,149.0,135.71958923339844
gru_w60_huber,3,26,90,109.0,95.03191375732422
gru_w60_huber,3,26,129,70.0,101.20648193359375
gru_w60_huber,3,26,159,40.0,44.746734619140625
gru_w60_huber,3,26,189,10.0,11.793129920959473
gru_w60_huber,3,41,54,162.0,137.61874389648438
gru_w60_huber,3,41,97,119.0,106.65766143798828
gru_w60_huber,3,41,140,76.0,62.00348663330078
gru_w60_huber,3,41,173,43.0,42.416080474853516
gru_w60_huber,3,41,205,11.0,12.881797790527344
gru_w60_huber,3,45,40,118.0,135.54754638671875
gru_w60_huber,3,45,71,87.0,116.80104064941406
gru_w60_huber,3,45,103,55.0,60.80611801147461
gru_w60_huber,3,45,126,32.0,40.410160064697266
gru_w60_huber,3,45,150,8.0,9.561285018920898
gru_w60_huber,3,52,53,160.0,140.3638153076172
gru_w60_huber,3,52,96,117.0,106.11329650878906
gru_w60_huber,3,52,138,75.0,60.4162483215332
gru_w60_huber,3,52,170,43.0,34.38493347167969
gru_w60_huber,3,52,202,11.0,8.754860877990723
gru_w60_huber,3,56,69,206.0,141.15367126464844
gru_w60_huber,3,56,124,151.0,111.16218566894531
gru_w60_huber,3,56,179,96.0,80.18717956542969
gru_w60_huber,3,56,220,55.0,49.545894622802734
gru_w60_huber,3,56,261,14.0,8.882573127746582
gru_w60_huber,3,62,45,135.0,150.43348693847656
gru_w60_huber,3,62,81,99.0,108.88240051269531
gru_w60_huber,3,62,117,63.0,85.22010803222656
gru_w60_huber,3,62,144,36.0,43.56911087036133
gru_w60_huber,3,62,171,9.0,7.646909236907959
gru_w60_huber,3,73,53,160.0,161.0219268798828
gru_w60_huber,3,73,96,117.0,124.50106048583984
gru_w60_huber,3,73,138,75.0,54.03522491455078
gru_w60_huber,3,73,170,43.0,37.42066955566406
gru_w60_huber,3,73,202,11.0,4.522934913635254
gru_w60_huber,3,87,44,134.0,100.78752899169922
gru_w60_huber,3,87,80,98.0,101.64485931396484
gru_w60_huber,3,87,116,62.0,95.00881958007812
gru_w60_huber,3,87,142,36.0,55.149017333984375
gru_w60_huber,3,87,169,9.0,11.875244140625
gru_w60_huber,3,90,38,116.0,146.5345916748047
gru_w60_huber,3,90,69,85.0,110.14422607421875
gru_w60_huber,3,90,100,54.0,71.02957153320312
gru_w60_huber,3,90,123,31.0,41.35895538330078
gru_w60_huber,3,90,146,8.0,6.941089153289795
gru_w60_huber,3,91,34,101.0,123.48596954345703
gru_w60_huber,3,91,61,74.0,85.78070831298828
gru_w60_huber,3,91,88,47.0,54.87934494018555
gru_w60_huber,3,91,108,27.0,38.51721954345703
gru_w60_huber,3,91,128,7.0,8.909591674804688
gru_w60_huber,4,1,48,144.0,173.6540985107422
gru_w60_huber,4,1,86,106.0,110.26795196533203
gru_w60_huber,4,1,125,67.0,55.65489196777344
gru_w60_huber,4,1,154,38.0,41.07048034667969
gru_w60_huber,4,1,182,10.0,10.144137382507324
gru_w60_huber,4,11,60,180.0,175.24798583984375
gru_w60_huber,4,11,108,132.0,142.574951171875
gru_w60_huber,4,11,156,84.0,71.31857299804688
gru_w60_huber,4,11,192,48.0,45.792152404785156
gru_w60_huber,4,11,228,12.0,9.778709411621094
gru_w60_huber,4,23,42,126.0,181.93748474121094
gru_w60_huber,4,23,76,92.0,103.52615356445312
gru_w60_huber,4,23,109,59.0,82.30807495117188
gru_w60_huber,4,23,134,34.0,31.190879821777344
gru_w60_huber,4,23,160,8.0,12.37187671661377
gru_w60_huber,4,28,41,124.0,171.1494140625
gru_w60_huber,4,28,74,91.0,129.6446990966797
gru_w60_huber,4,28,107,58.0,70.92668914794922
gru_w60_huber,4,28,132,33.0,43.92723083496094
gru_w60_huber,4,28,157,8.0,14.674530982971191
gru_w60_huber,4,44,48,144.0,153.8594207763672
gru_w60_huber,4,44,86,106.0,147.0559844970703
gru_w60_huber,4,44,125,67.0,85.05498504638672
gru_w60_huber,4,44,154,38.0,44.34756851196289
gru_w60_huber,4,44,182,10.0,11.042766571044922
gru_w60_huber,4,54,64,193.0,178.3262176513672
gru_w60_huber,4,54,116,141.0,139.88278198242188
gru_w60_huber,4,54,167,90.0,84.93887329101562
gru_w60_huber,4,54,206,51.0,46.514041900634766
gru_w60_huber,4,54,244,13.0,7.871079444885254
gru_w60_huber,4,58,37,110.0,119.27363586425781
gru_w60_huber,4,58,66,81.0,138.6814422607422
gru_w60_huber,4,58,96,51.0,86.50835418701172
gru_w60_huber,4,58,118,29.0,37.28673553466797
gru_w60_huber,4,58,140,7.0,7.685604572296143
gru_w60_huber,4,61,46,139.0,180.38441467285156
gru_w60_huber,4,61,83,102.0,147.06808471679688
gru_w60_huber,4,61,120,65.0,101.45011901855469
gru_w60_huber,4,61,148,37.0,42.82191848754883
gru_w60_huber,4,61,176,9.0,9.51016616821289
gru_w60_huber,4,63,44,130.0,114.0254898071289
gru_w60_huber,4,63,78,96.0,142.8822021484375
gru_w60_huber,4,63,113,61.0,72.8270263671875
gru_w60_huber,4,63,139,35.0,39.04296875
gru_w60_huber,4,63,165,9.0,11.029266357421875
gru_w60_huber,4,65,38,115.0,164.3339385986328
gru_w60_huber,4,65,69,84.0,168.700927734375
gru_w60_huber,4,65,99,54.0,85.08614349365234
gru_w60_huber,4,65,122,31.0,42.99025344848633
gru_w60_huber,4,65,145,8.0,11.453845024108887
gru_w60_huber,4,67,78,235.0,179.6595001220703
gru_w60_huber,4,67,141,172.0,136.3101043701172
gru_w60_huber,4,67,203,110.0,100.04717254638672
gru_w60_huber,4,67,250,63.0,60.13508605957031
gru_w60_huber,4,67,297,16.0,8.971307754516602
gru_w60_huber,4,70,34,103.0,173.0774688720703
gru_w60_huber,4,70,62,75.0,132.9715118408203
gru_w60_huber,4,70,89,48.0,78.24958801269531
gru_w60_huber,4,70,110,27.0,30.779626846313477
gru_w60_huber,4,70,130,7.0,8.905257225036621
gru_w60_huber,4,71,52,156.0,131.89805603027344
gru_w60_huber,4,71,94,114.0,101.2768783569336
gru_w60_huber,4,71,135,73.0,80.18743896484375
gru_w60_huber,4,71,166,42.0,38.94163513183594
gru_w60_huber,4,71,198,10.0,11.064811706542969
gru_w60_huber,4,82,54,160.0,163.0325927734375
gru_w60_huber,4,82,96,118.0,161.2342987060547
gru_w60_huber,4,82,139,75.0,74.52264404296875
gru_w60_huber,4,82,171,43.0,43.872657775878906
gru_w60_huber,4,82,203,11.0,7.175256729125977
gru_w60_huber,4,85,47,141.0,174.35548400878906
gru_w60_huber,4,85,85,103.0,117.51500701904297
gru_w60_huber,4,85,122,66.0,54.509456634521484
gru_w60_huber,4,85,150,38.0,32.299007415771484
gru_w60_huber,4,85,179,9.0,6.2173686027526855
gru_w60_huber,4,92,85,256.0,182.11851501464844
gru_w60_huber,4,92,153,188.0,171.4273681640625
gru_w60_huber,4,92,222,119.0,89.31014251708984
gru_w60_huber,4,92,273,68.0,49.568092346191406
gru_w60_huber,4,92,324,17.0,6.988955020904541
gru_w60_huber,4,94,64,194.0,151.07736206054688
gru_w60_huber,4,94,116,142.0,100.15203094482422
gru_w60_huber,4,94,168,90.0,81.36909484863281
gru_w60_huber,4,94,206,52.0,50.870262145996094
gru_w60_huber,4,94,245,13.0,7.2916998863220215
gru_w60_huber,5,4,47,142.0,95.40499877929688
gru_w60_huber,5,4,85,104.0,95.40499877929688
gru_w60_huber,5,4,123,66.0,95.40497589111328
gru_w60_huber,5,4,151,38.0,95.40496063232422
gru_w60_huber,5,4,180,9.0,95.40481567382812
gru_w60_huber,5,5,67,202.0,95.40501403808594
gru_w60_huber,5,5,121,148.0,95.4050064086914
gru_w60_huber,5,5,175,94.0,95.40499877929688
gru_w60_huber,5,5,215,54.0,95.40496826171875
gru_w60_huber,5,5,256,13.0,95.40479278564453
gru_w60_huber,5,12,42,128.0,95.40497589111328
gru_w60_huber,5,12,76,94.0,95.40496063232422
gru_w60_huber,5,12,110,60.0,95.40494537353516
gru_w60_huber,5,12,136,34.0,95.40491485595703
gru_w60_huber,5,12,162,8.0,16.50275993347168
gru_w60_huber,5,14,45,135.0,95.40496826171875
gru_w60_huber,5,14,81,99.0,95.40496063232422
gru_w60_huber,5,14,117,63.0,95.4049301147461
gru_w60_huber,5,14,144,36.0,38.598323822021484
gru_w60_huber,5,14,171,9.0,15.060176849365234
gru_w60_huber,5,15,52,155.0,95.4050064086914
gru_w60_huber,5,15,93,114.0,95.4050064086914
gru_w60_huber,5,15,135,72.0,95.40499877929688
gru_w60_huber,5,15,166,41.0,95.40498352050781
gru_w60_huber,5,15,197,10.0,95.40489196777344
gru_w60_huber,5,18,49,146.0,95.4050064086914
gru_w60_huber,5,18,88,107.0,95.4050064086914
gru_w60_huber,5,18,127,68.0,95.40499877929688
gru_w60_huber,5,18,156,39.0,95.40497589111328
gru_w60_huber,5,18,185,10.0,95.4048843383789
gru_w60_huber,5,30,48,146.0,95.40501403808594
gru_w60_huber,5,30,87,107.0,95.40501403808594
gru_w60_huber,5,30,126,68.0,95.40499877929688
gru_w60_huber,5,30,155,39.0,95.40499114990234
gru_w60_huber,5,30,184,10.0,95.4049301147461
gru_w60_huber,5,32,48,143.0,95.40496063232422
gru_w60_huber,5,32,86,105.0,38.82011413574219
gru_w60_huber,5,32,124,67.0,38.78583908081055
gru_w60_huber,5,32,153,38.0,37.491695404052734
gru_w60_huber,5,32,181,10.0,11.689677238464355
gru_w60_huber,5,35,45,136.0,95.40499877929688
gru_w60_huber,5,35,81,100.0,95.40499877929688
gru_w60_huber,5,35,118,63.0,95.40497589111328
gru_w60_huber,5,35,145,36.0,95.40496063232422
gru_w60_huber,5,35,172,9.0,95.40484619140625
gru_w60_huber,5,37,42,128.0,95.40499877929688
gru_w60_huber,5,37,76,94.0,95.40497589111328
gru_w60_huber,5,37,110,60.0,95.40496063232422
gru_w60_huber,5,37,136,34.0,95.4049301147461
gru_w60_huber,5,37,162,8.0,20.383378982543945
gru_w60_huber,5,42,49,147.0,95.40499877929688
gru_w60_huber,5,42,88,108.0,95.40499877929688
gru_w60_huber,5,42,127,69.0,95.40499114990234
gru_w60_huber,5,42,157,39.0,95.40496063232422
gru_w60_huber,5,42,186,10.0,95.40484619140625
gru_w60_huber,5,64,71,212.0,95.40499877929688
gru_w60_huber,5,64,127,156.0,95.40498352050781
gru_w60_huber,5,64,184,99.0,95.40496063232422
gru_w60_huber,5,64,226,57.0,95.40489959716797
gru_w60_huber,5,64,269,14.0,10.773785591125488
gru_w60_huber,5,74,42,124.0,95.40499877929688
gru_w60_huber,5,74,75,91.0,95.40499877929688
gru_w60_huber,5,74,108,58.0,95.40499877929688
gru_w60_huber,5,74,133,33.0,95.40497589111328
gru_w60_huber,5,74,158,8.0,95.40489196777344
gru_w60_huber,5,80,46,139.0,95.40496063232422
gru_w60_huber,5,80,83,102.0,95.40497589111328
gru_w60_huber,5,80,120,65.0,95.40496063232422
gru_w60_huber,5,80,148,37.0,95.4049072265625
gru_w60_huber,5,80,176,9.0,17.86192512512207
gru_w60_huber,5,89,54,163.0,95.4050064086914
gru_w60_huber,5,89,98,119.0,95.40499877929688
gru_w60_huber,5,89,141,76.0,95.40499877929688
gru_w60_huber,5,89,174,43.0,95.40497589111328
gru_w60_huber,5,89,206,11.0,95.40484619140625
gru_w60_huber,5,96,84,252.0,95.40499877929688
gru_w60_huber,5,96,151,185.0,95.40499877929688
gru_w60_huber,5,96,218,118.0,95.40498352050781
gru_w60_huber,5,96,269,67.0,95.40493774414062
gru_w60_huber,5,96,319,17.0,15.533414840698242
gru_w60_huber,5,98,39,117.0,95.40499877929688
gru_w60_huber,5,98,70,86.0,95.4050064086914
gru_w60_huber,5,98,101,55.0,95.40499877929688
gru_w60_huber,5,98,125,31.0,95.40497589111328
gru_w60_huber,5,98,148,8.0,95.40491485595703
lstm_w60_huber,1,16,52,157.0,110.54375457763672
lstm_w60_huber,1,16,94,115.0,97.78578186035156
lstm_w60_huber,1,16,136,73.0,60.97780990600586
lstm_w60_huber,1,16,167,42.0,35.420989990234375
lstm_w60_huber,1,16,199,10.0,4.340190887451172
lstm_w60_huber,1,20,58,176.0,143.55531311035156
lstm_w60_huber,1,20,105,129.0,118.989990234375
lstm_w60_huber,1,20,152,82.0,81.14199829101562
lstm_w60_huber,1,20,187,47.0,57.153419494628906
lstm_w60_huber,1,20,222,12.0,11.26867389678955
lstm_w60_huber,1,21,49,146.0,124.98307037353516
lstm_w60_huber,1,21,88,107.0,130.98878479003906
lstm_w60_huber,1,21,127,68.0,87.04722595214844
lstm_w60_huber,1,21,156,39.0,44.75377655029297
lstm_w60_huber,1,21,185,10.0,11.170135498046875
lstm_w60_huber,1,29,41,122.0,156.41409301757812
lstm_w60_huber,1,29,73,90.0,106.15443420410156
lstm_w60_huber,1,29,106,57.0,72.44554901123047
lstm_w60_huber,1,29,130,33.0,38.700462341308594
lstm_w60_huber,1,29,155,8.0,7.910823345184326
lstm_w60_huber,1,36,40,118.0,87.40626525878906
lstm_w60_huber,1,36,71,87.0,87.68513488769531
lstm_w60_huber,1,36,103,55.0,61.72555923461914
lstm_w60_huber,1,36,126,32.0,37.09150695800781
lstm_w60_huber,1,36,150,8.0,10.573511123657227
lstm_w60_huber,1,40,47,141.0,107.2890396118164
lstm_w60_huber,1,40,85,103.0,118.0822982788086
lstm_w60_huber,1,40,122,66.0,62.94832229614258
lstm_w60_huber,1,40,150,38.0,45.85422134399414
lstm_w60_huber,1,40,179,9.0,9.41600227355957
lstm_w60_huber,1,47,54,160.0,147.75904846191406
lstm_w60_huber,1,47,96,118.0,144.0886993408203
lstm_w60_huber,1,47,139,75.0,88.2100830078125
lstm_w60_huber,1,47,171,43.0,41.10923767089844
lstm_w60_huber,1,47,203,11.0,11.145237922668457
lstm_w60_huber,1,59,58,173.0,164.4664306640625
lstm_w60_huber,1,59,104,127.0,133.27322387695312
lstm_w60_huber,1,59,150,81.0,102.37915802001953
lstm_w60_huber,1,59,185,46.0,49.1481819152832
lstm_w60_huber,1,59,219,12.0,10.2758150100708
lstm_w60_huber,1,66,50,152.0,149.1356201171875
lstm_w60_huber,1,66,91,111.0,100.29330444335938
lstm_w60_huber,1,66,131,71.0,63.013145446777344
lstm_w60_huber,1,66,162,40.0,36.82221603393555
lstm_w60_huber,1,66,192,10.0,7.072839736938477
lstm_w60_huber,1,68,50,149.0,159.30621337890625
lstm_w60_huber,1,68,90,109.0,85.47083282470703
lstm_w60_huber,1,68,129,70.0,88.28492736816406
lstm_w60_huber,1,68,159,40.0,52.381553649902344
lstm_w60_huber,1,68,189,10.0,8.737253189086914
lstm_w60_huber,1,69,90,272.0,117.93460845947266
lstm_w60_huber,1,69,163,199.0,139.97726440429688
lstm_w60_huber,1,69,235,127.0,119.11260986328125
lstm_w60_huber,1,69,290,72.0,48.685951232910156
lstm_w60_huber,1,69,344,18.0,12.202425003051758
lstm_w60_huber,1,72,53,160.0,146.5509796142578
lstm_w60_huber,1,72,96,117.0,112.04719543457031
lstm_w60_huber,1,72,138,75.0,71.9894790649414
lstm_w60_huber,1,72,170,43.0,38.72926330566406
lstm_w60_huber,1,72,202,11.0,7.672988414764404
lstm_w60_huber,1,76,52,158.0,169.6923828125
lstm_w60_huber,1,76,94,116.0,110.30594635009766
lstm_w60_huber,1,76,136,74.0,65.66053009033203
lstm_w60_huber,1,76,168,42.0,39.647132873535156
lstm_w60_huber,1,76,200,10.0,10.273275375366211
lstm_w60_huber,1,79,50,149.0,155.93545532226562
lstm_w60_huber,1,79,90,109.0,136.29747009277344
lstm_w60_huber,1,79,129,70.0,96.75569152832031
lstm_w60_huber,1,79,159,40.0,57.01604080200195
lstm_w60_huber,1,79,189,10.0,9.176753997802734
lstm_w60_huber,1,83,73,220.0,176.51406860351562
lstm_w60_huber,1,83,132,161.0,199.37017822265625
lstm_w60_huber,1,83,190,103.0,93.58780670166016
lstm_w60_huber,1,83,234,59.0,57.92012023925781
lstm_w60_huber,1,83,278,15.0,10.956205368041992
lstm_w60_huber,1,86,70,208.0,164.0815887451172
lstm_w60_huber,1,86,125,153.0,140.5191192626953
lstm_w60_huber,1,86,181,97.0,76.8294448852539
lstm_w60_huber,1,86,222,56.0,55.17789840698242
lstm_w60_huber,1,86,264,14.0,10.287903785705566
lstm_w60_huber,1,95,71,212.0,121.28433990478516
lstm_w60_huber,1,95,127,156.0,151.19375610351562
lstm_w60_huber,1,95,184,99.0,90.28923797607422
lstm_w60_huber,1,95,226,57.0,47.01865005493164
lstm_w60_huber,1,95,269,14.0,17.632999420166016
lstm_w60_huber,2,2,72,215.0,177.10140991210938
lstm_w60_huber,2,2,129,158.0,159.56576538085938
lstm_w60_huber,2,2,187,100.0,89.2419662475586
lstm_w60_huber,2,2,230,57.0,39.283905029296875
lstm_w60_huber,2,2,273,14.0,8.507832527160645
lstm_w60_huber,2,9,50,151.0,159.034912109375
lstm_w60_huber,2,9,90,111.0,143.23019409179688
lstm_w60_huber,2,9,131,70.0,92.65105438232422
lstm_w60_huber,2,9,161,40.0,45.818538665771484
lstm_w60_huber,2,9,191,10.0,10.738618850708008
lstm_w60_huber,2,13,41,122.0,141.0763702392578
lstm_w60_huber,2,13,73,90.0,106.66981506347656
lstm_w60_huber,2,13,106,57.0,66.7612533569336
lstm_w60_huber,2,13,130,33.0,42.03536605834961
lstm_w60_huber,2,13,155,8.0,8.553945541381836
lstm_w60_huber,2,19,40,118.0,131.2407989501953
lstm_w60_huber,2,19,71,87.0,119.35955047607422
lstm_w60_huber,2,19,103,55.0,52.17794418334961
lstm_w60_huber,2,19,126,32.0,28.412364959716797
lstm_w60_huber,2,19,150,8.0,5.118919372558594
lstm_w60_huber,2,25,58,172.0,131.7715606689453
lstm_w60_huber,2,25,104,126.0,105.76091003417969
lstm_w60_huber,2,25,150,80.0,83.42479705810547
lstm_w60_huber,2,25,184,46.0,47.82040023803711
lstm_w60_huber,2,25,218,12.0,7.643013954162598
lstm_w60_huber,2,39,32,96.0,129.85890197753906
lstm_w60_huber,2,39,58,70.0,95.93982696533203
lstm_w60_huber,2,39,83,45.0,50.0775260925293
lstm_w60_huber,2,39,102,26.0,37.889705657958984
lstm_w60_huber,2,39,122,6.0,8.611391067504883
lstm_w60_huber,2,43,52,155.0,169.9368438720703
lstm_w60_huber,2,43,93,114.0,141.2520751953125
lstm_w60_huber,2,43,135,72.0,80.3775405883789
lstm_w60_huber,2,43,166,41.0,37.294105529785156
lstm_w60_huber,2,43,197,10.0,4.48190975189209
lstm_w60_huber,2,48,58,173.0,135.56130981445312
lstm_w60_huber,2,48,104,127.0,110.2446517944336
lstm_w60_huber,2,48,150,81.0,92.23738098144531
lstm_w60_huber,2,48,185,46.0,43.95226287841797
lstm_w60_huber,2,48,219,12.0,11.160870552062988
lstm_w60_huber,2,51,53,160.0,149.48741149902344
lstm_w60_huber,2,51,96,117.0,125.87489318847656
lstm_w60_huber,2,51,138,75.0,98.75586700439453
lstm_w60_huber,2,51,170,43.0,43.50967025756836
lstm_w60_huber,2,51,202,11.0,12.115588188171387
lstm_w60_huber,2,53,49,146.0,108.19860076904297
lstm_w60_huber,2,53,88,107.0,97.63968658447266
lstm_w60_huber,2,53,127,68.0,97.13965606689453
lstm_w60_huber,2,53,156,39.0,36.845218658447266
lstm_w60_huber,2,53,185,10.0,10.789002418518066
lstm_w60_huber,2,55,48,145.0,140.05918884277344
lstm_w60_huber,2,55,87,106.0,99.28317260742188
lstm_w60_huber,2,55,125,68.0,95.3818588256836
lstm_w60_huber,2,55,154,39.0,47.92156982421875
lstm_w60_huber,2,55,183,10.0,9.733171463012695
lstm_w60_huber,2,57,34,103.0,139.1766357421875
lstm_w60_huber,2,57,62,75.0,70.86113739013672
lstm_w60_huber,2,57,89,48.0,63.328128814697266
lstm_w60_huber,2,57,110,27.0,24.01572608947754
lstm_w60_huber,2,57,130,7.0,4.495639801025391
lstm_w60_huber,2,60,43,129.0,102.26578521728516
lstm_w60_huber,2,60,77,95.0,102.9416732788086
lstm_w60_huber,2,60,112,60.0,76.75760650634766
lstm_w60_huber,2,60,138,34.0,34.02418899536133
lstm_w60_huber,2,60,163,9.0,6.629663467407227
lstm_w60_huber,2,75,57,172.0,149.03134155273438
lstm_w60_huber,2,75,103,126.0,159.02212524414062
lstm_w60_huber,2,75,149,80.0,55.95609664916992
lstm_w60_huber,2,75,183,46.0,34.80253219604492
lstm_w60_huber,2,75,218,11.0,5.621563911437988
lstm_w60_huber,2,78,58,173.0,167.7154541015625
lstm_w60_huber,2,78,104,127.0,128.74307250976562
lstm_w60_huber,2,78,150,81.0,76.7970199584961
lstm_w60_huber,2,78,185,46.0,31.417848587036133
lstm_w60_huber,2,78,219,12.0,6.318774223327637
lstm_w60_huber,2,99,46,139.0,130.16346740722656
lstm_w60_huber,2,99,83,102.0,130.61331176757812
lstm_w60_huber,2,99,120,65.0,78.71807861328125
lstm_w60_huber,2,99,148,37.0,34.64932632446289
lstm_w60_huber,2,99,176,9.0,5.239248275756836
lstm_w60_huber,2,100,50,150.0,145.19393920898438
lstm_w60_huber,2,100,90,110.0,88.7365493774414
lstm_w60_huber,2,100,130,70.0,67.5207748413086
lstm_w60_huber,2,100,160,40.0,33.18074035644531
lstm_w60_huber,2,100,190,10.0,9.880176544189453
lstm_w60_huber,3,3,45,134.0,139.9619598388672
lstm_w60_huber,3,3,81,98.0,101.88519287109375
lstm_w60_huber,3,3,116,63.0,80.92642211914062
lstm_w60_huber,3,3,143,36.0,44.201751708984375
lstm_w60_huber,3,3,170,9.0,10.234034538269043
lstm_w60_huber,3,6,47,141.0,132.9271240234375
lstm_w60_huber,3,6,85,103.0,74.79386138916016
lstm_w60_huber,3,6,122,66.0,71.6434097290039
lstm_w60_huber,3,6,150,38.0,35.87026596069336
lstm_w60_huber,3,6,179,9.0,3.545313596725464
lstm_w60_huber,3,7,65,194.0,159.53672790527344
lstm_w60_huber,3,7,117,142.0,99.43538665771484
lstm_w60_huber,3,7,168,91.0,102.96530151367188
lstm_w60_huber,3,7,207,52.0,61.24960708618164
lstm_w60_huber,3,7,246,13.0,12.238649368286133
lstm_w60_huber,3,8,38,112.0,135.41978454589844
lstm_w60_huber,3,8,68,82.0,116.02766418457031
lstm_w60_huber,3,8,98,52.0,54.58774948120117
lstm_w60_huber,3,8,120,30.0,44.03974914550781
lstm_w60_huber,3,8,142,8.0,6.637113094329834
lstm_w60_huber,3,10,56,166.0,162.0958709716797
lstm_w60_huber,3,10,100,122.0,141.12045288085938
lstm_w60_huber,3,10,144,78.0,75.6701431274414
lstm_w60_huber,3,10,178,44.0,36.57798385620117
lstm_w60_huber,3,10,211,11.0,9.273725509643555
lstm_w60_huber,3,17,69,207.0,155.5611114501953
lstm_w60_huber,3,17,124,152.0,102.34943389892578
lstm_w60_huber,3,17,179,97.0,126.12146759033203
lstm_w60_huber,3,17,221,55.0,51.51192092895508
lstm_w60_huber,3,17,262,14.0,11.264108657836914
lstm_w60_huber,3,24,37,110.0,127.18340301513672
lstm_w60_huber,3,24,66,81.0,97.88196563720703
lstm_w60_huber,3,24,96,51.0,65.02511596679688
lstm_w60_huber,3,24,118,29.0,36.30341720581055
lstm_w60_huber,3,24,140,7.0,7.364593982696533
lstm_w60_huber,3,26,50,149.0,100.74761199951172
lstm_w60_huber,3,26,90,109.0,86.69198608398438
lstm_w60_huber,3,26,129,70.0,84.80229949951172
lstm_w60_huber,3,26,159,40.0,37.99237823486328
lstm_w60_huber,3,26,189,10.0,10.529364585876465
lstm_w60_huber,3,41,54,162.0,142.0286102294922
lstm_w60_huber,3,41,97,119.0,101.6450424194336
lstm_w60_huber,3,41,140,76.0,79.63241577148438
lstm_w60_huber,3,41,173,43.0,46.92987060546875
lstm_w60_huber,3,41,205,11.0,12.98926067352295
lstm_w60_huber,3,45,40,118.0,175.09828186035156
lstm_w60_huber,3,45,71,87.0,124.83743286132812
lstm_w60_huber,3,45,103,55.0,66.0611801147461
lstm_w60_huber,3,45,126,32.0,44.227508544921875
lstm_w60_huber,3,45,150,8.0,8.064072608947754
lstm_w60_huber,3,52,53,160.0,156.13613891601562
lstm_w60_huber,3,52,96,117.0,85.97028350830078
lstm_w60_huber,3,52,138,75.0,76.43868255615234
lstm_w60_huber,3,52,170,43.0,32.007110595703125
lstm_w60_huber,3,52,202,11.0,7.922929763793945
lstm_w60_huber,3,56,69,206.0,133.36265563964844
lstm_w60_huber,3,56,124,151.0,124.13985443115234
lstm_w60_huber,3,56,179,96.0,69.01177215576172
lstm_w60_huber,3,56,220,55.0,43.35175323486328
lstm_w60_huber,3,56,261,14.0,3.091088056564331
lstm_w60_huber,3,62,45,135.0,142.08218383789062
lstm_w60_huber,3,62,81,99.0,108.31452178955078
lstm_w60_huber,3,62,117,63.0,79.60946655273438
lstm_w60_huber,3,62,144,36.0,44.581825256347656
lstm_w60_huber,3,62,171,9.0,11.861371994018555
lstm_w60_huber,3,73,53,160.0,157.63385009765625
lstm_w60_huber,3,73,96,117.0,103.26229858398438
lstm_w60_huber,3,73,138,75.0,79.23422241210938
lstm_w60_huber,3,73,170,43.0,44.00872802734375
lstm_w60_huber,3,73,202,11.0,8.877677917480469
lstm_w60_huber,3,87,44,134.0,103.11605834960938
lstm_w60_huber,3,87,80,98.0,104.20710754394531
lstm_w60_huber,3,87,116,62.0,71.1706314086914
lstm_w60_huber,3,87,142,36.0,45.82426834106445
lstm_w60_huber,3,87,169,9.0,7.120307445526123
lstm_w60_huber,3,90,38,116.0,151.08416748046875
lstm_w60_huber,3,90,69,85.0,105.7140121459961
lstm_w60_huber,3,90,100,54.0,80.28036499023438
lstm_w60_huber,3,90,123,31.0,42.51399230957031
lstm_w60_huber,3,90,146,8.0,9.864004135131836
lstm_w60_huber,3,91,34,101.0,106.29512786865234
lstm_w60_huber,3,91,61,74.0,85.74803924560547
lstm_w60_huber,3,91,88,47.0,56.69613265991211
lstm_w60_huber,3,91,108,27.0,37.90543746948242
lstm_w60_huber,3,91,128,7.0,10.619097709655762
lstm_w60_huber,4,1,48,144.0,172.5692596435547
lstm_w60_huber,4,1,86,106.0,144.98129272460938
lstm_w60_huber,4,1,125,67.0,54.021507263183594
lstm_w60_huber,4,1,154,38.0,35.6933479309082
lstm_w60_huber,4,1,182,10.0,12.557408332824707
lstm_w60_huber,4,11,60,180.0,162.23861694335938
lstm_w60_huber,4,11,108,132.0,125.71082305908203
lstm_w60_huber,4,11,156,84.0,65.85983276367188
lstm_w60_huber,4,11,192,48.0,50.408782958984375
lstm_w60_huber,4,11,228,12.0,9.664319038391113
lstm_w60_huber,4,23,42,126.0,186.43606567382812
lstm_w60_huber,4,23,76,92.0,98.83932495117188
lstm_w60_huber,4,23,109,59.0,65.49967193603516
lstm_w60_huber,4,23,134,34.0,31.616392135620117
lstm_w60_huber,4,23,160,8.0,13.877500534057617
lstm_w60_huber,4,28,41,124.0,176.49209594726562
lstm_w60_huber,4,28,74,91.0,147.36378479003906
lstm_w60_huber,4,28,107,58.0,63.93362808227539
lstm_w60_huber,4,28,132,33.0,40.245513916015625
lstm_w60_huber,4,28,157,8.0,11.956893920898438
lstm_w60_huber,4,44,48,144.0,128.7379608154297
lstm_w60_huber,4,44,86,106.0,128.80442810058594
lstm_w60_huber,4,44,125,67.0,76.60895538330078
lstm_w60_huber,4,44,154,38.0,39.11990737915039
lstm_w60_huber,4,44,182,10.0,11.011951446533203
lstm_w60_huber,4,54,64,193.0,158.1037139892578
lstm_w60_huber,4,54,116,141.0,124.62419891357422
lstm_w60_huber,4,54,167,90.0,73.29166412353516
lstm_w60_huber,4,54,206,51.0,43.8668098449707
lstm_w60_huber,4,54,244,13.0,12.494180679321289
lstm_w60_huber,4,58,37,110.0,138.79342651367188
lstm_w60_huber,4,58,66,81.0,113.11311340332031
lstm_w60_huber,4,58,96,51.0,92.58063507080078
lstm_w60_huber,4,58,118,29.0,32.64109802246094
lstm_w60_huber,4,58,140,7.0,9.441303253173828
lstm_w60_huber,4,61,46,139.0,194.33419799804688
lstm_w60_huber,4,61,83,102.0,157.5466766357422
lstm_w60_huber,4,61,120,65.0,76.26620483398438
lstm_w60_huber,4,61,148,37.0,39.560218811035156
lstm_w60_huber,4,61,176,9.0,9.66364574432373
lstm_w60_huber,4,63,44,130.0,119.09133911132812
lstm_w60_huber,4,63,78,96.0,147.8095703125
lstm_w60_huber,4,63,113,61.0,62.82415008544922
lstm_w60_huber,4,63,139,35.0,38.4876823425293
lstm_w60_huber,4,63,165,9.0,12.55648422241211
lstm_w60_huber,4,65,38,115.0,152.16867065429688
lstm_w60_huber,4,65,69,84.0,123.47860717773438
lstm_w60_huber,4,65,99,54.0,73.33834075927734
lstm_w60_huber,4,65,122,31.0,38.11464309692383
lstm_w60_huber,4,65,145,8.0,10.053319931030273
lstm_w60_huber,4,67,78,235.0,188.08938598632812
lstm_w60_huber,4,67,141,172.0,156.79055786132812
lstm_w60_huber,4,67,203,110.0,95.15170288085938
lstm_w60_huber,4,67,250,63.0,57.41874313354492
lstm_w60_huber,4,67,297,16.0,13.011160850524902
lstm_w60_huber,4,70,34,103.0,147.10214233398438
lstm_w60_huber,4,70,62,75.0,179.2724609375
lstm_w60_huber,4,70,89,48.0,77.86698913574219
lstm_w60_huber,4,70,110,27.0,31.740554809570312
lstm_w60_huber,4,70,130,7.0,7.670451641082764
lstm_w60_huber,4,71,52,156.0,143.38714599609375
lstm_w60_huber,4,71,94,114.0,112.9627456665039
lstm_w60_huber,4,71,135,73.0,72.51765441894531
lstm_w60_huber,4,71,166,42.0,40.9962158203125
lstm_w60_huber,4,71,198,10.0,13.033795356750488
lstm_w60_huber,4,82,54,160.0,165.76170349121094
lstm_w60_huber,4,82,96,118.0,144.2861785888672
lstm_w60_huber,4,82,139,75.0,71.27656555175781
lstm_w60_huber,4,82,171,43.0,42.882564544677734
lstm_w60_huber,4,82,203,11.0,7.363646507263184
lstm_w60_huber,4,85,47,141.0,147.05308532714844
lstm_w60_huber,4,85,85,103.0,109.4329605102539
lstm_w60_huber,4,85,122,66.0,67.02494049072266
lstm_w60_huber,4,85,150,38.0,38.06475067138672
lstm_w60_huber,4,85,179,9.0,13.92432975769043
lstm_w60_huber,4,92,85,256.0,196.514892578125
lstm_w60_huber,4,92,153,188.0,176.18418884277344
lstm_w60_huber,4,92,222,119.0,100.46370697021484
lstm_w60_huber,4,92,273,68.0,54.18512725830078
lstm_w60_huber,4,92,324,17.0,6.671838760375977
lstm_w60_huber,4,94,64,194.0,137.78944396972656
lstm_w60_huber,4,94,116,142.0,113.53013610839844
lstm_w60_huber,4,94,168,90.0,88.38739013671875
lstm_w60_huber,4,94,206,52.0,48.33897018432617
lstm_w60_huber,4,94,245,13.0,6.740091800689697
lstm_w60_huber,5,4,47,142.0,116.80615234375
lstm_w60_huber,5,4,85,104.0,180.28982543945312
lstm_w60_huber,5,4,123,66.0,82.31636047363281
lstm_w60_huber,5,4,151,38.0,33.450923919677734
lstm_w60_huber,5,4,180,9.0,4.327839374542236
lstm_w60_huber,5,5,67,202.0,187.71131896972656
lstm_w60_huber,5,5,121,148.0,127.43595123291016
lstm_w60_huber,5,5,175,94.0,78.76094818115234
lstm_w60_huber,5,5,215,54.0,39.18330001831055
lstm_w60_huber,5,5,256,13.0,4.810920715332031
lstm_w60_huber,5,12,42,128.0,128.55735778808594
lstm_w60_huber,5,12,76,94.0,99.65079498291016
lstm_w60_huber,5,12,110,60.0,73.61455535888672
lstm_w60_huber,5,12,136,34.0,28.60702133178711
lstm_w60_huber,5,12,162,8.0,9.617021560668945
lstm_w60_huber,5,14,45,135.0,107.3651351928711
lstm_w60_huber,5,14,81,99.0,120.7086410522461
lstm_w60_huber,5,14,117,63.0,56.59973907470703
lstm_w60_huber,5,14,144,36.0,42.33952713012695
lstm_w60_huber,5,14,171,9.0,13.265361785888672
lstm_w60_huber,5,15,52,155.0,143.0081787109375
lstm_w60_huber,5,15,93,114.0,114.4603271484375
lstm_w60_huber,5,15,135,72.0,66.46698760986328
lstm_w60_huber,5,15,166,41.0,33.37167739868164
lstm_w60_huber,5,15,197,10.0,5.747100353240967
lstm_w60_huber,5,18,49,146.0,128.91578674316406
lstm_w60_huber,5,18,88,107.0,107.96946716308594
lstm_w60_huber,5,18,127,68.0,74.1170425415039
lstm_w60_huber,5,18,156,39.0,45.126121520996094
lstm_w60_huber,5,18,185,10.0,8.703763008117676
lstm_w60_huber,5,30,48,146.0,169.3345947265625
lstm_w60_huber,5,30,87,107.0,129.1551513671875
lstm_w60_huber,5,30,126,68.0,88.22789764404297
lstm_w60_huber,5,30,155,39.0,36.22019577026367
lstm_w60_huber,5,30,184,10.0,10.802445411682129
lstm_w60_huber,5,32,48,143.0,179.50682067871094
lstm_w60_huber,5,32,86,105.0,120.32879638671875
lstm_w60_huber,5,32,124,67.0,52.791358947753906
lstm_w60_huber,5,32,153,38.0,38.17495346069336
lstm_w60_huber,5,32,181,10.0,7.216655254364014
lstm_w60_huber,5,35,45,136.0,135.57615661621094
lstm_w60_huber,5,35,81,100.0,155.883056640625
lstm_w60_huber,5,35,118,63.0,77.36788940429688
lstm_w60_huber,5,35,145,36.0,33.250911712646484
lstm_w60_huber,5,35,172,9.0,5.5988030433654785
lstm_w60_huber,5,37,42,128.0,132.66522216796875
lstm_w60_huber,5,37,76,94.0,119.76461029052734
lstm_w60_huber,5,37,110,60.0,63.94962692260742
lstm_w60_huber,5,37,136,34.0,31.057844161987305
lstm_w60_huber,5,37,162,8.0,6.556162357330322
lstm_w60_huber,5,42,49,147.0,115.05868530273438
lstm_w60_huber,5,42,88,108.0,119.35541534423828
lstm_w60_huber,5,42,127,69.0,90.70465087890625
lstm_w60_huber,5,42,157,39.0,39.91469192504883
lstm_w60_huber,5,42,186,10.0,11.74698257446289
lstm_w60_huber,5,64,71,212.0,179.60362243652344
lstm_w60_huber,5,64,127,156.0,117.36856842041016
lstm_w60_huber,5,64,184,99.0,73.11761474609375
lstm_w60_huber,5,64,226,57.0,45.01151657104492
lstm_w60_huber,5,64,269,14.0,10.357850074768066
lstm_w60_huber,5,74,42,124.0,111.84614562988281
lstm_w60_huber,5,74,75,91.0,118.00148010253906
lstm_w60_huber,5,74,108,58.0,94.13190460205078
lstm_w60_huber,5,74,133,33.0,39.05454635620117
lstm_w60_huber,5,74,158,8.0,6.844479084014893
lstm_w60_huber,5,80,46,139.0,152.4621124267578
lstm_w60_huber,5,80,83,102.0,95.58584594726562
lstm_w60_huber,5,80,120,65.0,81.56897735595703
lstm_w60_huber,5,80,148,37.0,37.98908615112305
lstm_w60_huber,5,80,176,9.0,6.645122528076172
lstm_w60_huber,5,89,54,163.0,123.4858169555664
lstm_w60_huber,5,89,98,119.0,140.28472900390625
lstm_w60_huber,5,89,141,76.0,72.26457214355469
lstm_w60_huber,5,89,174,43.0,33.51866912841797
lstm_w60_huber,5,89,206,11.0,6.0166754722595215
lstm_w60_huber,5,96,84,252.0,192.448486328125
lstm_w60_huber,5,96,151,185.0,101.52682495117188
lstm_w60_huber,5,96,218,118.0,72.1305160522461
lstm_w60_huber,5,96,269,67.0,53.10840606689453
lstm_w60_huber,5,96,319,17.0,16.026880264282227
lstm_w60_huber,5,98,39,117.0,126.6185531616211
lstm_w60_huber,5,98,70,86.0,95.68190002441406
lstm_w60_huber,5,98,101,55.0,65.07159423828125
lstm_w60_huber,5,98,125,31.0,34.92807388305664
lstm_w60_huber,5,98,148,8.0,9.186726570129395
