candidate_id,fold,engine_id,cutoff_cycle,true_raw_rul,prediction
gru_w45_huber,1,16,52,157.0,93.17562103271484
gru_w45_huber,1,16,94,115.0,84.81511688232422
gru_w45_huber,1,16,136,73.0,53.234378814697266
gru_w45_huber,1,16,167,42.0,33.02574157714844
gru_w45_huber,1,16,199,10.0,0.7955952882766724
gru_w45_huber,1,20,58,176.0,132.5576171875
gru_w45_huber,1,20,105,129.0,105.5213851928711
gru_w45_huber,1,20,152,82.0,77.99458312988281
gru_w45_huber,1,20,187,47.0,47.88010787963867
gru_w45_huber,1,20,222,12.0,5.1321120262146
gru_w45_huber,1,21,49,146.0,118.08982849121094
gru_w45_huber,1,21,88,107.0,138.35414123535156
gru_w45_huber,1,21,127,68.0,94.35096740722656
gru_w45_huber,1,21,156,39.0,51.60471725463867
gru_w45_huber,1,21,185,10.0,9.465682029724121
gru_w45_huber,1,29,41,122.0,151.9014129638672
gru_w45_huber,1,29,73,90.0,86.73114013671875
gru_w45_huber,1,29,106,57.0,87.79884338378906
gru_w45_huber,1,29,130,33.0,40.697662353515625
gru_w45_huber,1,29,155,8.0,9.620379447937012
gru_w45_huber,1,36,40,118.0,104.68238830566406
gru_w45_huber,1,36,71,87.0,94.43724822998047
gru_w45_huber,1,36,103,55.0,76.09507751464844
gru_w45_huber,1,36,126,32.0,34.70009994506836
gru_w45_huber,1,36,150,8.0,7.576437473297119
gru_w45_huber,1,40,47,141.0,92.14771270751953
gru_w45_huber,1,40,85,103.0,87.29487609863281
gru_w45_huber,1,40,122,66.0,51.89936065673828
gru_w45_huber,1,40,150,38.0,37.43755340576172
gru_w45_huber,1,40,179,9.0,1.6293359994888306
gru_w45_huber,1,47,54,160.0,121.10646057128906
gru_w45_huber,1,47,96,118.0,128.000732421875
gru_w45_huber,1,47,139,75.0,78.98887634277344
gru_w45_huber,1,47,171,43.0,39.100460052490234
gru_w45_huber,1,47,203,11.0,12.662971496582031
gru_w45_huber,1,59,58,173.0,141.52879333496094
gru_w45_huber,1,59,104,127.0,107.88165283203125
gru_w45_huber,1,59,150,81.0,89.97538757324219
gru_w45_huber,1,59,185,46.0,43.92472839355469
gru_w45_huber,1,59,219,12.0,10.430380821228027
gru_w45_huber,1,66,50,152.0,92.44773864746094
gru_w45_huber,1,66,91,111.0,86.35846710205078
gru_w45_huber,1,66,131,71.0,59.19894790649414
gru_w45_huber,1,66,162,40.0,32.636592864990234
gru_w45_huber,1,66,192,10.0,1.9640765190124512
gru_w45_huber,1,68,50,149.0,157.1356201171875
gru_w45_huber,1,68,90,109.0,86.30150604248047
gru_w45_huber,1,68,129,70.0,88.88957977294922
gru_w45_huber,1,68,159,40.0,44.73258972167969
gru_w45_huber,1,68,189,10.0,6.613977909088135
gru_w45_huber,1,69,90,272.0,138.9478302001953
gru_w45_huber,1,69,163,199.0,129.18167114257812
gru_w45_huber,1,69,235,127.0,123.85590362548828
gru_w45_huber,1,69,290,72.0,65.03266143798828
gru_w45_huber,1,69,344,18.0,4.722954273223877
gru_w45_huber,1,72,53,160.0,150.20413208007812
gru_w45_huber,1,72,96,117.0,150.27764892578125
gru_w45_huber,1,72,138,75.0,61.00923538208008
gru_w45_huber,1,72,170,43.0,37.99595642089844
gru_w45_huber,1,72,202,11.0,10.84745979309082
gru_w45_huber,1,76,52,158.0,161.68646240234375
gru_w45_huber,1,76,94,116.0,93.3077621459961
gru_w45_huber,1,76,136,74.0,71.66267395019531
gru_w45_huber,1,76,168,42.0,36.495609283447266
gru_w45_huber,1,76,200,10.0,2.899142265319824
gru_w45_huber,1,79,50,149.0,139.70718383789062
gru_w45_huber,1,79,90,109.0,112.5346908569336
gru_w45_huber,1,79,129,70.0,89.6874008178711
gru_w45_huber,1,79,159,40.0,45.06193161010742
gru_w45_huber,1,79,189,10.0,8.573458671569824
gru_w45_huber,1,83,73,220.0,142.6918182373047
gru_w45_huber,1,83,132,161.0,127.26509857177734
gru_w45_huber,1,83,190,103.0,87.53186798095703
gru_w45_huber,1,83,234,59.0,52.96550750732422
gru_w45_huber,1,83,278,15.0,15.189412117004395
gru_w45_huber,1,86,70,208.0,113.07190704345703
gru_w45_huber,1,86,125,153.0,94.03376770019531
gru_w45_huber,1,86,181,97.0,90.8007583618164
gru_w45_huber,1,86,222,56.0,44.031959533691406
gru_w45_huber,1,86,264,14.0,4.891757011413574
gru_w45_huber,1,95,71,212.0,186.1685333251953
gru_w45_huber,1,95,127,156.0,118.15702819824219
gru_w45_huber,1,95,184,99.0,82.43803405761719
gru_w45_huber,1,95,226,57.0,47.52684783935547
gru_w45_huber,1,95,269,14.0,12.086974143981934
gru_w45_huber,2,2,72,215.0,131.22015380859375
gru_w45_huber,2,2,129,158.0,143.18777465820312
gru_w45_huber,2,2,187,100.0,131.3073272705078
gru_w45_huber,2,2,230,57.0,41.89748764038086
gru_w45_huber,2,2,273,14.0,15.234752655029297
gru_w45_huber,2,9,50,151.0,199.7954559326172
gru_w45_huber,2,9,90,111.0,199.7365264892578
gru_w45_huber,2,9,131,70.0,90.97599029541016
gru_w45_huber,2,9,161,40.0,67.6836166381836
gru_w45_huber,2,9,191,10.0,8.418817520141602
gru_w45_huber,2,13,41,122.0,195.3423309326172
gru_w45_huber,2,13,73,90.0,139.2132568359375
gru_w45_huber,2,13,106,57.0,61.24223709106445
gru_w45_huber,2,13,130,33.0,37.48630905151367
gru_w45_huber,2,13,155,8.0,13.135917663574219
gru_w45_huber,2,19,40,118.0,141.89427185058594
gru_w45_huber,2,19,71,87.0,143.3892059326172
gru_w45_huber,2,19,103,55.0,53.45762252807617
gru_w45_huber,2,19,126,32.0,30.55718231201172
gru_w45_huber,2,19,150,8.0,8.794677734375
gru_w45_huber,2,25,58,172.0,145.77255249023438
gru_w45_huber,2,25,104,126.0,150.6123504638672
gru_w45_huber,2,25,150,80.0,81.97240447998047
gru_w45_huber,2,25,184,46.0,58.616127014160156
gru_w45_huber,2,25,218,12.0,10.437251091003418
gru_w45_huber,2,39,32,96.0,147.954833984375
gru_w45_huber,2,39,58,70.0,92.87077331542969
gru_w45_huber,2,39,83,45.0,54.33633041381836
gru_w45_huber,2,39,102,26.0,29.559934616088867
gru_w45_huber,2,39,122,6.0,6.323975086212158
gru_w45_huber,2,43,52,155.0,129.5990447998047
gru_w45_huber,2,43,93,114.0,116.20406341552734
gru_w45_huber,2,43,135,72.0,83.06615447998047
gru_w45_huber,2,43,166,41.0,40.91263961791992
gru_w45_huber,2,43,197,10.0,9.33643913269043
gru_w45_huber,2,48,58,173.0,200.3116912841797
gru_w45_huber,2,48,104,127.0,126.8612289428711
gru_w45_huber,2,48,150,81.0,99.63408660888672
gru_w45_huber,2,48,185,46.0,53.230892181396484
gru_w45_huber,2,48,219,12.0,11.538603782653809
gru_w45_huber,2,51,53,160.0,201.0978546142578
gru_w45_huber,2,51,96,117.0,131.01657104492188
gru_w45_huber,2,51,138,75.0,104.34869384765625
gru_w45_huber,2,51,170,43.0,44.56092834472656
gru_w45_huber,2,51,202,11.0,12.544292449951172
gru_w45_huber,2,53,49,146.0,198.80804443359375
gru_w45_huber,2,53,88,107.0,153.91590881347656
gru_w45_huber,2,53,127,68.0,81.21172332763672
gru_w45_huber,2,53,156,39.0,50.874481201171875
gru_w45_huber,2,53,185,10.0,11.660962104797363
gru_w45_huber,2,55,48,145.0,200.29010009765625
gru_w45_huber,2,55,87,106.0,121.02149200439453
gru_w45_huber,2,55,125,68.0,107.37937927246094
gru_w45_huber,2,55,154,39.0,42.5106086730957
gru_w45_huber,2,55,183,10.0,11.389585494995117
gru_w45_huber,2,57,34,103.0,196.5171661376953
gru_w45_huber,2,57,62,75.0,157.397705078125
gru_w45_huber,2,57,89,48.0,78.92448425292969
gru_w45_huber,2,57,110,27.0,30.51109504699707
gru_w45_huber,2,57,130,7.0,10.49593448638916
gru_w45_huber,2,60,43,129.0,191.32369995117188
gru_w45_huber,2,60,77,95.0,123.01439666748047
gru_w45_huber,2,60,112,60.0,90.84637451171875
gru_w45_huber,2,60,138,34.0,35.98970031738281
gru_w45_huber,2,60,163,9.0,11.803516387939453
gru_w45_huber,2,75,57,172.0,140.32000732421875
gru_w45_huber,2,75,103,126.0,134.54234313964844
gru_w45_huber,2,75,149,80.0,80.5773696899414
gru_w45_huber,2,75,183,46.0,28.563072204589844
gru_w45_huber,2,75,218,11.0,8.320698738098145
gru_w45_huber,2,78,58,173.0,196.7400665283203
gru_w45_huber,2,78,104,127.0,106.16960144042969
gru_w45_huber,2,78,150,81.0,85.62200927734375
gru_w45_huber,2,78,185,46.0,36.865882873535156
gru_w45_huber,2,78,219,12.0,12.265624046325684
gru_w45_huber,2,99,46,139.0,185.48916625976562
gru_w45_huber,2,99,83,102.0,200.1299285888672
gru_w45_huber,2,99,120,65.0,88.80420684814453
gru_w45_huber,2,99,148,37.0,35.95379638671875
gru_w45_huber,2,99,176,9.0,7.64376974105835
gru_w45_huber,2,100,50,150.0,200.9890899658203
gru_w45_huber,2,100,90,110.0,96.17191314697266
gru_w45_huber,2,100,130,70.0,99.09811401367188
gru_w45_huber,2,100,160,40.0,40.7903938293457
gru_w45_huber,2,100,190,10.0,11.434839248657227
gru_w45_huber,3,3,45,134.0,188.01898193359375
gru_w45_huber,3,3,81,98.0,108.84471130371094
gru_w45_huber,3,3,116,63.0,74.0479736328125
gru_w45_huber,3,3,143,36.0,38.451717376708984
gru_w45_huber,3,3,170,9.0,12.603068351745605
gru_w45_huber,3,6,47,141.0,159.7325897216797
gru_w45_huber,3,6,85,103.0,109.63656616210938
gru_w45_huber,3,6,122,66.0,91.39579772949219
gru_w45_huber,3,6,150,38.0,27.38876724243164
gru_w45_huber,3,6,179,9.0,6.402564525604248
gru_w45_huber,3,7,65,194.0,144.30282592773438
gru_w45_huber,3,7,117,142.0,99.33030700683594
gru_w45_huber,3,7,168,91.0,71.76611328125
gru_w45_huber,3,7,207,52.0,94.74507141113281
gru_w45_huber,3,7,246,13.0,13.280401229858398
gru_w45_huber,3,8,38,112.0,162.90951538085938
gru_w45_huber,3,8,68,82.0,98.64302825927734
gru_w45_huber,3,8,98,52.0,58.5976676940918
gru_w45_huber,3,8,120,30.0,35.675350189208984
gru_w45_huber,3,8,142,8.0,5.443857192993164
gru_w45_huber,3,10,56,166.0,189.48020935058594
gru_w45_huber,3,10,100,122.0,134.0337371826172
gru_w45_huber,3,10,144,78.0,75.67259216308594
gru_w45_huber,3,10,178,44.0,43.1233024597168
gru_w45_huber,3,10,211,11.0,13.128212928771973
gru_w45_huber,3,17,69,207.0,134.9321746826172
gru_w45_huber,3,17,124,152.0,99.00366973876953
gru_w45_huber,3,17,179,97.0,81.61892700195312
gru_w45_huber,3,17,221,55.0,46.15869903564453
gru_w45_huber,3,17,262,14.0,8.261967658996582
gru_w45_huber,3,24,37,110.0,144.8404541015625
gru_w45_huber,3,24,66,81.0,94.37406158447266
gru_w45_huber,3,24,96,51.0,89.84547424316406
gru_w45_huber,3,24,118,29.0,45.180442810058594
gru_w45_huber,3,24,140,7.0,8.726710319519043
gru_w45_huber,3,26,50,149.0,127.36473083496094
gru_w45_huber,3,26,90,109.0,117.6084213256836
gru_w45_huber,3,26,129,70.0,107.6923599243164
gru_w45_huber,3,26,159,40.0,37.51478958129883
gru_w45_huber,3,26,189,10.0,9.223482131958008
gru_w45_huber,3,41,54,162.0,198.2276611328125
gru_w45_huber,3,41,97,119.0,103.61803436279297
gru_w45_huber,3,41,140,76.0,71.1588363647461
gru_w45_huber,3,41,173,43.0,43.79445266723633
gru_w45_huber,3,41,205,11.0,12.811692237854004
gru_w45_huber,3,45,40,118.0,155.15435791015625
gru_w45_huber,3,45,71,87.0,108.07003021240234
gru_w45_huber,3,45,103,55.0,68.94544982910156
gru_w45_huber,3,45,126,32.0,54.092403411865234
gru_w45_huber,3,45,150,8.0,12.007015228271484
gru_w45_huber,3,52,53,160.0,156.5401611328125
gru_w45_huber,3,52,96,117.0,91.91876983642578
gru_w45_huber,3,52,138,75.0,82.35380554199219
gru_w45_huber,3,52,170,43.0,34.846702575683594
gru_w45_huber,3,52,202,11.0,7.6236348152160645
gru_w45_huber,3,56,69,206.0,155.72576904296875
gru_w45_huber,3,56,124,151.0,126.02056121826172
gru_w45_huber,3,56,179,96.0,70.86532592773438
gru_w45_huber,3,56,220,55.0,33.4886474609375
gru_w45_huber,3,56,261,14.0,1.1973670721054077
gru_w45_huber,3,62,45,135.0,160.0665283203125
gru_w45_huber,3,62,81,99.0,122.54707336425781
gru_w45_huber,3,62,117,63.0,83.05693817138672
gru_w45_huber,3,62,144,36.0,39.70973205566406
gru_w45_huber,3,62,171,9.0,6.647664546966553
gru_w45_huber,3,73,53,160.0,164.161376953125
gru_w45_huber,3,73,96,117.0,128.97230529785156
gru_w45_huber,3,73,138,75.0,65.22914123535156
gru_w45_huber,3,73,170,43.0,31.59478187561035
gru_w45_huber,3,73,202,11.0,6.111736297607422
gru_w45_huber,3,87,44,134.0,178.83975219726562
gru_w45_huber,3,87,80,98.0,129.3377685546875
gru_w45_huber,3,87,116,62.0,89.54924011230469
gru_w45_huber,3,87,142,36.0,53.05936813354492
gru_w45_huber,3,87,169,9.0,8.32563304901123
gru_w45_huber,3,90,38,116.0,185.35107421875
gru_w45_huber,3,90,69,85.0,94.81585693359375
gru_w45_huber,3,90,100,54.0,97.07095336914062
gru_w45_huber,3,90,123,31.0,44.64423370361328
gru_w45_huber,3,90,146,8.0,11.897035598754883
gru_w45_huber,3,91,34,101.0,113.67710876464844
gru_w45_huber,3,91,61,74.0,92.3774642944336
gru_w45_huber,3,91,88,47.0,53.388587951660156
gru_w45_huber,3,91,108,27.0,37.32069778442383
gru_w45_huber,3,91,128,7.0,5.864029407501221
gru_w45_huber,4,1,48,144.0,163.41458129882812
gru_w45_huber,4,1,86,106.0,114.33638763427734
gru_w45_huber,4,1,125,67.0,73.38606262207031
gru_w45_huber,4,1,154,38.0,37.038387298583984
gru_w45_huber,4,1,182,10.0,6.625667572021484
gru_w45_huber,4,11,60,180.0,168.68753051757812
gru_w45_huber,4,11,108,132.0,149.683837890625
gru_w45_huber,4,11,156,84.0,66.32064056396484
gru_w45_huber,4,11,192,48.0,44.94742965698242
gru_w45_huber,4,11,228,12.0,11.578520774841309
gru_w45_huber,4,23,42,126.0,174.63873291015625
gru_w45_huber,4,23,76,92.0,87.81687927246094
gru_w45_huber,4,23,109,59.0,61.377967834472656
gru_w45_huber,4,23,134,34.0,38.24742889404297
gru_w45_huber,4,23,160,8.0,7.5200090408325195
gru_w45_huber,4,28,41,124.0,165.7956085205078
gru_w45_huber,4,28,74,91.0,131.7366485595703
gru_w45_huber,4,28,107,58.0,71.25092315673828
gru_w45_huber,4,28,132,33.0,44.56208419799805
gru_w45_huber,4,28,157,8.0,3.2007946968078613
gru_w45_huber,4,44,48,144.0,162.78713989257812
gru_w45_huber,4,44,86,106.0,149.0733184814453
gru_w45_huber,4,44,125,67.0,85.78216552734375
gru_w45_huber,4,44,154,38.0,27.350330352783203
gru_w45_huber,4,44,182,10.0,13.934557914733887
gru_w45_huber,4,54,64,193.0,166.21849060058594
gru_w45_huber,4,54,116,141.0,125.5696792602539
gru_w45_huber,4,54,167,90.0,82.03341674804688
gru_w45_huber,4,54,206,51.0,40.366241455078125
gru_w45_huber,4,54,244,13.0,7.511335372924805
gru_w45_huber,4,58,37,110.0,174.84078979492188
gru_w45_huber,4,58,66,81.0,133.37091064453125
gru_w45_huber,4,58,96,51.0,66.21617889404297
gru_w45_huber,4,58,118,29.0,28.45827293395996
gru_w45_huber,4,58,140,7.0,2.824831485748291
gru_w45_huber,4,61,46,139.0,188.02993774414062
gru_w45_huber,4,61,83,102.0,150.56239318847656
gru_w45_huber,4,61,120,65.0,90.8614730834961
gru_w45_huber,4,61,148,37.0,57.30065155029297
gru_w45_huber,4,61,176,9.0,1.260494351387024
gru_w45_huber,4,63,44,130.0,156.65896606445312
gru_w45_huber,4,63,78,96.0,151.32513427734375
gru_w45_huber,4,63,113,61.0,48.3961296081543
gru_w45_huber,4,63,139,35.0,42.35371780395508
gru_w45_huber,4,63,165,9.0,11.446462631225586
gru_w45_huber,4,65,38,115.0,165.43624877929688
gru_w45_huber,4,65,69,84.0,146.38632202148438
gru_w45_huber,4,65,99,54.0,85.34868621826172
gru_w45_huber,4,65,122,31.0,44.14262771606445
gru_w45_huber,4,65,145,8.0,-0.2546617388725281
gru_w45_huber,4,67,78,235.0,154.50958251953125
gru_w45_huber,4,67,141,172.0,119.73932647705078
gru_w45_huber,4,67,203,110.0,73.1632080078125
gru_w45_huber,4,67,250,63.0,51.60959243774414
gru_w45_huber,4,67,297,16.0,6.265008926391602
gru_w45_huber,4,70,34,103.0,172.56468200683594
gru_w45_huber,4,70,62,75.0,170.3883819580078
gru_w45_huber,4,70,89,48.0,71.81269073486328
gru_w45_huber,4,70,110,27.0,26.714096069335938
gru_w45_huber,4,70,130,7.0,7.66713809967041
gru_w45_huber,4,71,52,156.0,139.7019500732422
gru_w45_huber,4,71,94,114.0,100.74778747558594
gru_w45_huber,4,71,135,73.0,55.044464111328125
gru_w45_huber,4,71,166,42.0,47.1689338684082
gru_w45_huber,4,71,198,10.0,9.29362678527832
gru_w45_huber,4,82,54,160.0,159.82177734375
gru_w45_huber,4,82,96,118.0,153.68527221679688
gru_w45_huber,4,82,139,75.0,69.09000396728516
gru_w45_huber,4,82,171,43.0,36.11940002441406
gru_w45_huber,4,82,203,11.0,6.579561233520508
gru_w45_huber,4,85,47,141.0,169.85128784179688
gru_w45_huber,4,85,85,103.0,104.08487701416016
gru_w45_huber,4,85,122,66.0,59.185054779052734
gru_w45_huber,4,85,150,38.0,42.07065200805664
gru_w45_huber,4,85,179,9.0,19.70253562927246
gru_w45_huber,4,92,85,256.0,185.80467224121094
gru_w45_huber,4,92,153,188.0,160.533203125
gru_w45_huber,4,92,222,119.0,72.99308013916016
gru_w45_huber,4,92,273,68.0,45.38554763793945
gru_w45_huber,4,92,324,17.0,6.25749397277832
gru_w45_huber,4,94,64,194.0,139.03433227539062
gru_w45_huber,4,94,116,142.0,84.36377716064453
gru_w45_huber,4,94,168,90.0,82.4061508178711
gru_w45_huber,4,94,206,52.0,46.86136245727539
gru_w45_huber,4,94,245,13.0,7.795915603637695
gru_w45_huber,5,4,47,142.0,140.00975036621094
gru_w45_huber,5,4,85,104.0,149.9344940185547
gru_w45_huber,5,4,123,66.0,77.8412094116211
gru_w45_huber,5,4,151,38.0,36.42436599731445
gru_w45_huber,5,4,180,9.0,7.977478981018066
gru_w45_huber,5,5,67,202.0,186.79196166992188
gru_w45_huber,5,5,121,148.0,136.44210815429688
gru_w45_huber,5,5,175,94.0,81.9089126586914
gru_w45_huber,5,5,215,54.0,37.68632507324219
gru_w45_huber,5,5,256,13.0,3.652616024017334
gru_w45_huber,5,12,42,128.0,153.11111450195312
gru_w45_huber,5,12,76,94.0,128.4848175048828
gru_w45_huber,5,12,110,60.0,80.72762298583984
gru_w45_huber,5,12,136,34.0,36.443153381347656
gru_w45_huber,5,12,162,8.0,3.623950958251953
gru_w45_huber,5,14,45,135.0,146.9597930908203
gru_w45_huber,5,14,81,99.0,145.3996124267578
gru_w45_huber,5,14,117,63.0,60.852718353271484
gru_w45_huber,5,14,144,36.0,38.31058883666992
gru_w45_huber,5,14,171,9.0,3.377784013748169
gru_w45_huber,5,15,52,155.0,177.29518127441406
gru_w45_huber,5,15,93,114.0,138.85165405273438
gru_w45_huber,5,15,135,72.0,80.0953598022461
gru_w45_huber,5,15,166,41.0,38.09736633300781
gru_w45_huber,5,15,197,10.0,7.773690700531006
gru_w45_huber,5,18,49,146.0,175.79063415527344
gru_w45_huber,5,18,88,107.0,128.45684814453125
gru_w45_huber,5,18,127,68.0,96.32872009277344
gru_w45_huber,5,18,156,39.0,46.62309265136719
gru_w45_huber,5,18,185,10.0,3.0247178077697754
gru_w45_huber,5,30,48,146.0,184.83660888671875
gru_w45_huber,5,30,87,107.0,143.62820434570312
gru_w45_huber,5,30,126,68.0,108.6136474609375
gru_w45_huber,5,30,155,39.0,45.72581100463867
gru_w45_huber,5,30,184,10.0,3.4067647457122803
gru_w45_huber,5,32,48,143.0,169.09039306640625
gru_w45_huber,5,32,86,105.0,127.18865966796875
gru_w45_huber,5,32,124,67.0,58.04182434082031
gru_w45_huber,5,32,153,38.0,32.412052154541016
gru_w45_huber,5,32,181,10.0,-0.1732497215270996
gru_w45_huber,5,35,45,136.0,147.8155059814453
gru_w45_huber,5,35,81,100.0,119.74890899658203
gru_w45_huber,5,35,118,63.0,76.16861724853516
gru_w45_huber,5,35,145,36.0,34.014190673828125
gru_w45_huber,5,35,172,9.0,5.920194149017334
gru_w45_huber,5,37,42,128.0,148.61856079101562
gru_w45_huber,5,37,76,94.0,101.60778045654297
gru_w45_huber,5,37,110,60.0,76.44522094726562
gru_w45_huber,5,37,136,34.0,30.75119400024414
gru_w45_huber,5,37,162,8.0,7.9220404624938965
gru_w45_huber,5,42,49,147.0,160.00120544433594
gru_w45_huber,5,42,88,108.0,124.62671661376953
gru_w45_huber,5,42,127,69.0,77.35552215576172
gru_w45_huber,5,42,157,39.0,39.003135681152344
gru_w45_huber,5,42,186,10.0,9.566325187683105
gru_w45_huber,5,64,71,212.0,180.8800811767578
gru_w45_huber,5,64,127,156.0,127.96762084960938
gru_w45_huber,5,64,184,99.0,51.57743453979492
gru_w45_huber,5,64,226,57.0,30.973468780517578
gru_w45_huber,5,64,269,14.0,0.7937750220298767
gru_w45_huber,5,74,42,124.0,178.266357421875
gru_w45_huber,5,74,75,91.0,148.90380859375
gru_w45_huber,5,74,108,58.0,106.6208724975586
gru_w45_huber,5,74,133,33.0,40.556949615478516
gru_w45_huber,5,74,158,8.0,0.6886725425720215
gru_w45_huber,5,80,46,139.0,169.59820556640625
gru_w45_huber,5,80,83,102.0,100.87443542480469
gru_w45_huber,5,80,120,65.0,87.96304321289062
gru_w45_huber,5,80,148,37.0,40.1108283996582
gru_w45_huber,5,80,176,9.0,5.439577579498291
gru_w45_huber,5,89,54,163.0,182.3988494873047
gru_w45_huber,5,89,98,119.0,149.5176239013672
gru_w45_huber,5,89,141,76.0,80.94995880126953
gru_w45_huber,5,89,174,43.0,40.93043518066406
gru_w45_huber,5,89,206,11.0,9.412689208984375
gru_w45_huber,5,96,84,252.0,176.3245391845703
gru_w45_huber,5,96,151,185.0,140.87741088867188
gru_w45_huber,5,96,218,118.0,92.7750473022461
gru_w45_huber,5,96,269,67.0,41.74433898925781
gru_w45_huber,5,96,319,17.0,4.514981269836426
gru_w45_huber,5,98,39,117.0,166.3377227783203
gru_w45_huber,5,98,70,86.0,106.9202880859375
gru_w45_huber,5,98,101,55.0,68.0364761352539
gru_w45_huber,5,98,125,31.0,39.01591491699219
gru_w45_huber,5,98,148,8.0,1.3014936447143555
gru_w60_huber,1,16,52,157.0,95.92749786376953
gru_w60_huber,1,16,94,115.0,107.8577880859375
gru_w60_huber,1,16,136,73.0,72.44371795654297
gru_w60_huber,1,16,167,42.0,45.60726547241211
gru_w60_huber,1,16,199,10.0,7.130928993225098
gru_w60_huber,1,20,58,176.0,121.41413879394531
gru_w60_huber,1,20,105,129.0,112.00627899169922
gru_w60_huber,1,20,152,82.0,83.43083953857422
gru_w60_huber,1,20,187,47.0,54.67084503173828
gru_w60_huber,1,20,222,12.0,11.310412406921387
gru_w60_huber,1,21,49,146.0,115.40550994873047
gru_w60_huber,1,21,88,107.0,136.09414672851562
gru_w60_huber,1,21,127,68.0,88.7414779663086
gru_w60_huber,1,21,156,39.0,42.4069938659668
gru_w60_huber,1,21,185,10.0,11.32466983795166
gru_w60_huber,1,29,41,122.0,147.5473175048828
gru_w60_huber,1,29,73,90.0,89.19994354248047
gru_w60_huber,1,29,106,57.0,80.6480484008789
gru_w60_huber,1,29,130,33.0,42.111656188964844
gru_w60_huber,1,29,155,8.0,6.509822368621826
gru_w60_huber,1,36,40,118.0,105.64472198486328
gru_w60_huber,1,36,71,87.0,107.09835052490234
gru_w60_huber,1,36,103,55.0,59.59288787841797
gru_w60_huber,1,36,126,32.0,36.380126953125
gru_w60_huber,1,36,150,8.0,9.956636428833008
gru_w60_huber,1,40,47,141.0,109.6517105102539
gru_w60_huber,1,40,85,103.0,105.1788330078125
gru_w60_huber,1,40,122,66.0,59.223228454589844
gru_w60_huber,1,40,150,38.0,52.71507263183594
gru_w60_huber,1,40,179,9.0,6.562133312225342
gru_w60_huber,1,47,54,160.0,110.71575164794922
gru_w60_huber,1,47,96,118.0,107.97564697265625
gru_w60_huber,1,47,139,75.0,71.1562271118164
gru_w60_huber,1,47,171,43.0,41.510520935058594
gru_w60_huber,1,47,203,11.0,12.140193939208984
gru_w60_huber,1,59,58,173.0,141.72442626953125
gru_w60_huber,1,59,104,127.0,97.3594741821289
gru_w60_huber,1,59,150,81.0,84.74832153320312
gru_w60_huber,1,59,185,46.0,44.626583099365234
gru_w60_huber,1,59,219,12.0,11.467543601989746
gru_w60_huber,1,66,50,152.0,158.9774932861328
gru_w60_huber,1,66,91,111.0,96.53767395019531
gru_w60_huber,1,66,131,71.0,76.53527069091797
gru_w60_huber,1,66,162,40.0,46.77507019042969
gru_w60_huber,1,66,192,10.0,9.461228370666504
gru_w60_huber,1,68,50,149.0,160.2300262451172
gru_w60_huber,1,68,90,109.0,88.8353271484375
gru_w60_huber,1,68,129,70.0,79.54766845703125
gru_w60_huber,1,68,159,40.0,49.04505157470703
gru_w60_huber,1,68,189,10.0,9.713136672973633
gru_w60_huber,1,69,90,272.0,143.8649444580078
gru_w60_huber,1,69,163,199.0,135.5474090576172
gru_w60_huber,1,69,235,127.0,123.23552703857422
gru_w60_huber,1,69,290,72.0,55.7407341003418
gru_w60_huber,1,69,344,18.0,12.154363632202148
gru_w60_huber,1,72,53,160.0,186.01849365234375
gru_w60_huber,1,72,96,117.0,111.91506958007812
gru_w60_huber,1,72,138,75.0,61.20022964477539
gru_w60_huber,1,72,170,43.0,33.000179290771484
gru_w60_huber,1,72,202,11.0,10.885714530944824
gru_w60_huber,1,76,52,158.0,139.3541259765625
gru_w60_huber,1,76,94,116.0,112.40306854248047
gru_w60_huber,1,76,136,74.0,72.87025451660156
gru_w60_huber,1,76,168,42.0,41.93903732299805
gru_w60_huber,1,76,200,10.0,7.818098545074463
gru_w60_huber,1,79,50,149.0,151.9623260498047
gru_w60_huber,1,79,90,109.0,124.8165054321289
gru_w60_huber,1,79,129,70.0,80.2763900756836
gru_w60_huber,1,79,159,40.0,46.66462707519531
gru_w60_huber,1,79,189,10.0,9.079928398132324
gru_w60_huber,1,83,73,220.0,188.49806213378906
gru_w60_huber,1,83,132,161.0,137.37762451171875
gru_w60_huber,1,83,190,103.0,80.05985260009766
gru_w60_huber,1,83,234,59.0,63.245452880859375
gru_w60_huber,1,83,278,15.0,12.659258842468262
gru_w60_huber,1,86,70,208.0,157.9061737060547
gru_w60_huber,1,86,125,153.0,111.55018615722656
gru_w60_huber,1,86,181,97.0,77.80459594726562
gru_w60_huber,1,86,222,56.0,57.622802734375
gru_w60_huber,1,86,264,14.0,8.898907661437988
gru_w60_huber,1,95,71,212.0,141.0479278564453
gru_w60_huber,1,95,127,156.0,125.85710906982422
gru_w60_huber,1,95,184,99.0,84.1936264038086
gru_w60_huber,1,95,226,57.0,56.4955940246582
gru_w60_huber,1,95,269,14.0,15.979018211364746
gru_w60_huber,2,2,72,215.0,133.16946411132812
gru_w60_huber,2,2,129,158.0,139.15069580078125
gru_w60_huber,2,2,187,100.0,74.23542022705078
gru_w60_huber,2,2,230,57.0,35.811676025390625
gru_w60_huber,2,2,273,14.0,11.721212387084961
gru_w60_huber,2,9,50,151.0,143.81829833984375
gru_w60_huber,2,9,90,111.0,132.29945373535156
gru_w60_huber,2,9,131,70.0,117.7877197265625
gru_w60_huber,2,9,161,40.0,51.24029541015625
gru_w60_huber,2,9,191,10.0,8.523341178894043
gru_w60_huber,2,13,41,122.0,192.247314453125
gru_w60_huber,2,13,73,90.0,125.62745666503906
gru_w60_huber,2,13,106,57.0,67.62137603759766
gru_w60_huber,2,13,130,33.0,36.60960388183594
gru_w60_huber,2,13,155,8.0,8.080709457397461
gru_w60_huber,2,19,40,118.0,154.1954803466797
gru_w60_huber,2,19,71,87.0,120.52227783203125
gru_w60_huber,2,19,103,55.0,46.99473190307617
gru_w60_huber,2,19,126,32.0,32.89945983886719
gru_w60_huber,2,19,150,8.0,6.438410758972168
gru_w60_huber,2,25,58,172.0,153.51397705078125
gru_w60_huber,2,25,104,126.0,124.78931427001953
gru_w60_huber,2,25,150,80.0,87.6197738647461
gru_w60_huber,2,25,184,46.0,44.93256759643555
gru_w60_huber,2,25,218,12.0,10.541593551635742
gru_w60_huber,2,39,32,96.0,152.9381103515625
gru_w60_huber,2,39,58,70.0,83.81271362304688
gru_w60_huber,2,39,83,45.0,58.37774658203125
gru_w60_huber,2,39,102,26.0,41.71033477783203
gru_w60_huber,2,39,122,6.0,5.0094428062438965
gru_w60_huber,2,43,52,155.0,137.9496307373047
gru_w60_huber,2,43,93,114.0,101.41214752197266
gru_w60_huber,2,43,135,72.0,69.58245849609375
gru_w60_huber,2,43,166,41.0,37.08531188964844
gru_w60_huber,2,43,197,10.0,7.299318790435791
gru_w60_huber,2,48,58,173.0,189.7299346923828
gru_w60_huber,2,48,104,127.0,112.77525329589844
gru_w60_huber,2,48,150,81.0,92.7371826171875
gru_w60_huber,2,48,185,46.0,44.49795913696289
gru_w60_huber,2,48,219,12.0,8.732133865356445
gru_w60_huber,2,51,53,160.0,157.47328186035156
gru_w60_huber,2,51,96,117.0,116.02945709228516
gru_w60_huber,2,51,138,75.0,103.25311279296875
gru_w60_huber,2,51,170,43.0,39.88969421386719
gru_w60_huber,2,51,202,11.0,11.33159065246582
gru_w60_huber,2,53,49,146.0,195.26626586914062
gru_w60_huber,2,53,88,107.0,112.04159545898438
gru_w60_huber,2,53,127,68.0,66.38803100585938
gru_w60_huber,2,53,156,39.0,36.864837646484375
gru_w60_huber,2,53,185,10.0,8.458930015563965
gru_w60_huber,2,55,48,145.0,189.76226806640625
gru_w60_huber,2,55,87,106.0,114.46597290039062
gru_w60_huber,2,55,125,68.0,99.35316467285156
gru_w60_huber,2,55,154,39.0,44.249229431152344
gru_w60_huber,2,55,183,10.0,7.309399604797363
gru_w60_huber,2,57,34,103.0,159.9176483154297
gru_w60_huber,2,57,62,75.0,130.9716796875
gru_w60_huber,2,57,89,48.0,67.885986328125
gru_w60_huber,2,57,110,27.0,24.618396759033203
gru_w60_huber,2,57,130,7.0,8.153885841369629
gru_w60_huber,2,60,43,129.0,162.98907470703125
gru_w60_huber,2,60,77,95.0,105.13951110839844
gru_w60_huber,2,60,112,60.0,75.466796875
gru_w60_huber,2,60,138,34.0,36.92867660522461
gru_w60_huber,2,60,163,9.0,7.470126152038574
gru_w60_huber,2,75,57,172.0,135.21563720703125
gru_w60_huber,2,75,103,126.0,138.15863037109375
gru_w60_huber,2,75,149,80.0,68.9137954711914
gru_w60_huber,2,75,183,46.0,35.550838470458984
gru_w60_huber,2,75,218,11.0,7.133352279663086
gru_w60_huber,2,78,58,173.0,154.74554443359375
gru_w60_huber,2,78,104,127.0,111.22590637207031
gru_w60_huber,2,78,150,81.0,90.61918640136719
gru_w60_huber,2,78,185,46.0,36.885276794433594
gru_w60_huber,2,78,219,12.0,8.959500312805176
gru_w60_huber,2,99,46,139.0,127.13492584228516
gru_w60_huber,2,99,83,102.0,185.94529724121094
gru_w60_huber,2,99,120,65.0,65.56584930419922
gru_w60_huber,2,99,148,37.0,35.62687683105469
gru_w60_huber,2,99,176,9.0,5.043258190155029
gru_w60_huber,2,100,50,150.0,196.45358276367188
gru_w60_huber,2,100,90,110.0,114.87250518798828
gru_w60_huber,2,100,130,70.0,86.39454650878906
gru_w60_huber,2,100,160,40.0,36.86505889892578
gru_w60_huber,2,100,190,10.0,12.751614570617676
gru_w60_huber,3,3,45,134.0,175.88693237304688
gru_w60_huber,3,3,81,98.0,101.8259048461914
gru_w60_huber,3,3,116,63.0,69.9854965209961
gru_w60_huber,3,3,143,36.0,38.04812240600586
gru_w60_huber,3,3,170,9.0,7.701794624328613
gru_w60_huber,3,6,47,141.0,158.2248077392578
gru_w60_huber,3,6,85,103.0,92.4134292602539
gru_w60_huber,3,6,122,66.0,68.0697021484375
gru_w60_huber,3,6,150,38.0,30.286083221435547
gru_w60_huber,3,6,179,9.0,7.627252578735352
gru_w60_huber,3,7,65,194.0,154.24391174316406
gru_w60_huber,3,7,117,142.0,92.33853912353516
gru_w60_huber,3,7,168,91.0,57.50539016723633
gru_w60_huber,3,7,207,52.0,38.86879348754883
gru_w60_huber,3,7,246,13.0,13.83951187133789
gru_w60_huber,3,8,38,112.0,157.73646545410156
gru_w60_huber,3,8,68,82.0,108.51795196533203
gru_w60_huber,3,8,98,52.0,44.80681610107422
gru_w60_huber,3,8,120,30.0,36.64988327026367
gru_w60_huber,3,8,142,8.0,14.865300178527832
gru_w60_huber,3,10,56,166.0,185.61489868164062
gru_w60_huber,3,10,100,122.0,134.97898864746094
gru_w60_huber,3,10,144,78.0,72.34162139892578
gru_w60_huber,3,10,178,44.0,37.82730484008789
gru_w60_huber,3,10,211,11.0,11.476829528808594
gru_w60_huber,3,17,69,207.0,124.5445785522461
gru_w60_huber,3,17,124,152.0,88.51652526855469
gru_w60_huber,3,17,179,97.0,72.1815185546875
gru_w60_huber,3,17,221,55.0,38.411685943603516
gru_w60_huber,3,17,262,14.0,10.333035469055176
gru_w60_huber,3,24,37,110.0,116.34391784667969
gru_w60_huber,3,24,66,81.0,90.41756439208984
gru_w60_huber,3,24,96,51.0,54.576416015625
gru_w60_huber,3,24,118,29.0,33.77172088623047
gru_w60_huber,3,24,140,7.0,7.228823184967041
gru_w60_huber,3,26,50,149.0,127.67672729492188
gru_w60_huber,3,26,90,109.0,81.04000091552734
gru_w60_huber,3,26,129,70.0,90.93180084228516
gru_w60_huber,3,26,159,40.0,38.79057693481445
gru_w60_huber,3,26,189,10.0,12.887229919433594
gru_w60_huber,3,41,54,162.0,153.7839813232422
gru_w60_huber,3,41,97,119.0,96.14093017578125
gru_w60_huber,3,41,140,76.0,55.14927673339844
gru_w60_huber,3,41,173,43.0,39.83188247680664
gru_w60_huber,3,41,205,11.0,10.34243392944336
gru_w60_huber,3,45,40,118.0,153.83584594726562
gru_w60_huber,3,45,71,87.0,110.98641204833984
gru_w60_huber,3,45,103,55.0,61.47999954223633
gru_w60_huber,3,45,126,32.0,37.560638427734375
gru_w60_huber,3,45,150,8.0,7.659827709197998
gru_w60_huber,3,52,53,160.0,130.28292846679688
gru_w60_huber,3,52,96,117.0,86.14739227294922
gru_w60_huber,3,52,138,75.0,44.19854736328125
gru_w60_huber,3,52,170,43.0,30.253847122192383
gru_w60_huber,3,52,202,11.0,10.435550689697266
gru_w60_huber,3,56,69,206.0,134.0640106201172
gru_w60_huber,3,56,124,151.0,103.09762573242188
gru_w60_huber,3,56,179,96.0,68.57503509521484
gru_w60_huber,3,56,220,55.0,45.37165832519531
gru_w60_huber,3,56,261,14.0,5.957988739013672
gru_w60_huber,3,62,45,135.0,152.79263305664062
gru_w60_huber,3,62,81,99.0,97.682861328125
gru_w60_huber,3,62,117,63.0,75.73516082763672
gru_w60_huber,3,62,144,36.0,39.02196502685547
gru_w60_huber,3,62,171,9.0,9.11557674407959
gru_w60_huber,3,73,53,160.0,175.26654052734375
gru_w60_huber,3,73,96,117.0,117.61870574951172
gru_w60_huber,3,73,138,75.0,57.486083984375
gru_w60_huber,3,73,170,43.0,36.85182571411133
gru_w60_huber,3,73,202,11.0,7.5219526290893555
gru_w60_huber,3,87,44,134.0,78.02397155761719
gru_w60_huber,3,87,80,98.0,98.7913589477539
gru_w60_huber,3,87,116,62.0,78.0632553100586
gru_w60_huber,3,87,142,36.0,46.00859451293945
gru_w60_huber,3,87,169,9.0,15.388829231262207
gru_w60_huber,3,90,38,116.0,180.36727905273438
gru_w60_huber,3,90,69,85.0,95.90318298339844
gru_w60_huber,3,90,100,54.0,70.96942138671875
gru_w60_huber,3,90,123,31.0,42.838130950927734
gru_w60_huber,3,90,146,8.0,9.337615966796875
gru_w60_huber,3,91,34,101.0,117.85086059570312
gru_w60_huber,3,91,61,74.0,72.73278045654297
gru_w60_huber,3,91,88,47.0,61.1739616394043
gru_w60_huber,3,91,108,27.0,37.8765754699707
gru_w60_huber,3,91,128,7.0,9.731344223022461
gru_w60_huber,4,1,48,144.0,159.78125
gru_w60_huber,4,1,86,106.0,103.57559967041016
gru_w60_huber,4,1,125,67.0,57.549110412597656
gru_w60_huber,4,1,154,38.0,41.0645751953125
gru_w60_huber,4,1,182,10.0,9.640164375305176
gru_w60_huber,4,11,60,180.0,180.77040100097656
gru_w60_huber,4,11,108,132.0,118.46513366699219
gru_w60_huber,4,11,156,84.0,66.20560455322266
gru_w60_huber,4,11,192,48.0,47.525115966796875
gru_w60_huber,4,11,228,12.0,8.98495864868164
gru_w60_huber,4,23,42,126.0,186.72564697265625
gru_w60_huber,4,23,76,92.0,100.17150115966797
gru_w60_huber,4,23,109,59.0,78.96218872070312
gru_w60_huber,4,23,134,34.0,31.813945770263672
gru_w60_huber,4,23,160,8.0,10.89429759979248
gru_w60_huber,4,28,41,124.0,137.55638122558594
gru_w60_huber,4,28,74,91.0,117.38814544677734
gru_w60_huber,4,28,107,58.0,66.25861358642578
gru_w60_huber,4,28,132,33.0,45.360069274902344
gru_w60_huber,4,28,157,8.0,13.397825241088867
gru_w60_huber,4,44,48,144.0,120.91881561279297
gru_w60_huber,4,44,86,106.0,121.22826385498047
gru_w60_huber,4,44,125,67.0,84.86012268066406
gru_w60_huber,4,44,154,38.0,44.20360565185547
gru_w60_huber,4,44,182,10.0,10.257682800292969
gru_w60_huber,4,54,64,193.0,174.38919067382812
gru_w60_huber,4,54,116,141.0,116.7237777709961
gru_w60_huber,4,54,167,90.0,80.84927368164062
gru_w60_huber,4,54,206,51.0,48.75368118286133
gru_w60_huber,4,54,244,13.0,5.826623916625977
gru_w60_huber,4,58,37,110.0,101.55677795410156
gru_w60_huber,4,58,66,81.0,119.5569839477539
gru_w60_huber,4,58,96,51.0,78.48411560058594
gru_w60_huber,4,58,118,29.0,37.563751220703125
gru_w60_huber,4,58,140,7.0,5.800014495849609
gru_w60_huber,4,61,46,139.0,170.24563598632812
gru_w60_huber,4,61,83,102.0,122.9207534790039
gru_w60_huber,4,61,120,65.0,93.7587661743164
gru_w60_huber,4,61,148,37.0,42.85206985473633
gru_w60_huber,4,61,176,9.0,7.721017360687256
gru_w60_huber,4,63,44,130.0,100.13362121582031
gru_w60_huber,4,63,78,96.0,108.40457916259766
gru_w60_huber,4,63,113,61.0,59.27774429321289
gru_w60_huber,4,63,139,35.0,37.7734260559082
gru_w60_huber,4,63,165,9.0,6.163366317749023
gru_w60_huber,4,65,38,115.0,126.10893249511719
gru_w60_huber,4,65,69,84.0,168.77110290527344
gru_w60_huber,4,65,99,54.0,81.13451385498047
gru_w60_huber,4,65,122,31.0,43.013153076171875
gru_w60_huber,4,65,145,8.0,9.441983222961426
gru_w60_huber,4,67,78,235.0,156.1145477294922
gru_w60_huber,4,67,141,172.0,120.39239501953125
gru_w60_huber,4,67,203,110.0,93.40017700195312
gru_w60_huber,4,67,250,63.0,49.2114143371582
gru_w60_huber,4,67,297,16.0,7.861013412475586
gru_w60_huber,4,70,34,103.0,171.30751037597656
gru_w60_huber,4,70,62,75.0,108.70720672607422
gru_w60_huber,4,70,89,48.0,72.88624572753906
gru_w60_huber,4,70,110,27.0,31.645357131958008
gru_w60_huber,4,70,130,7.0,7.742864608764648
gru_w60_huber,4,71,52,156.0,116.03191375732422
gru_w60_huber,4,71,94,114.0,89.48844146728516
gru_w60_huber,4,71,135,73.0,68.85906982421875
gru_w60_huber,4,71,166,42.0,37.67500686645508
gru_w60_huber,4,71,198,10.0,5.302518367767334
gru_w60_huber,4,82,54,160.0,136.69644165039062
gru_w60_huber,4,82,96,118.0,123.21936798095703
gru_w60_huber,4,82,139,75.0,69.48973083496094
gru_w60_huber,4,82,171,43.0,45.6419792175293
gru_w60_huber,4,82,203,11.0,3.2773938179016113
gru_w60_huber,4,85,47,141.0,124.96080780029297
gru_w60_huber,4,85,85,103.0,98.872802734375
gru_w60_huber,4,85,122,66.0,56.847049713134766
gru_w60_huber,4,85,150,38.0,34.16006088256836
gru_w60_huber,4,85,179,9.0,7.0021233558654785
gru_w60_huber,4,92,85,256.0,135.2416534423828
gru_w60_huber,4,92,153,188.0,120.25352478027344
gru_w60_huber,4,92,222,119.0,83.56761169433594
gru_w60_huber,4,92,273,68.0,48.7479133605957
gru_w60_huber,4,92,324,17.0,4.649803161621094
gru_w60_huber,4,94,64,194.0,135.62228393554688
gru_w60_huber,4,94,116,142.0,84.42737579345703
gru_w60_huber,4,94,168,90.0,75.02513122558594
gru_w60_huber,4,94,206,52.0,41.9164924621582
gru_w60_huber,4,94,245,13.0,5.2234907150268555
gru_w60_huber,5,4,47,142.0,104.69947814941406
gru_w60_huber,5,4,85,104.0,104.69947814941406
gru_w60_huber,5,4,123,66.0,104.69947052001953
gru_w60_huber,5,4,151,38.0,104.6994400024414
gru_w60_huber,5,4,180,9.0,104.69937896728516
gru_w60_huber,5,5,67,202.0,104.69947814941406
gru_w60_huber,5,5,121,148.0,104.69947814941406
gru_w60_huber,5,5,175,94.0,104.69947814941406
gru_w60_huber,5,5,215,54.0,104.69945526123047
gru_w60_huber,5,5,256,13.0,104.6993408203125
gru_w60_huber,5,12,42,128.0,104.69944763183594
gru_w60_huber,5,12,76,94.0,104.6994400024414
gru_w60_huber,5,12,110,60.0,104.69942474365234
gru_w60_huber,5,12,136,34.0,104.69939422607422
gru_w60_huber,5,12,162,8.0,104.69921112060547
gru_w60_huber,5,14,45,135.0,104.69944763183594
gru_w60_huber,5,14,81,99.0,104.6994400024414
gru_w60_huber,5,14,117,63.0,104.69942474365234
gru_w60_huber,5,14,144,36.0,104.6993637084961
gru_w60_huber,5,14,171,9.0,17.381011962890625
gru_w60_huber,5,15,52,155.0,104.69947814941406
gru_w60_huber,5,15,93,114.0,104.69947814941406
gru_w60_huber,5,15,135,72.0,104.69947814941406
gru_w60_huber,5,15,166,41.0,104.69944763183594
gru_w60_huber,5,15,197,10.0,104.69937896728516
gru_w60_huber,5,18,49,146.0,104.69947814941406
gru_w60_huber,5,18,88,107.0,104.69947814941406
gru_w60_huber,5,18,127,68.0,104.69947814941406
gru_w60_huber,5,18,156,39.0,104.69947052001953
gru_w60_huber,5,18,185,10.0,104.69942474365234
gru_w60_huber,5,30,48,146.0,104.69947814941406
gru_w60_huber,5,30,87,107.0,104.69947814941406
gru_w60_huber,5,30,126,68.0,104.69947814941406
gru_w60_huber,5,30,155,39.0,104.699462890625
gru_w60_huber,5,30,184,10.0,104.69941711425781
gru_w60_huber,5,32,48,143.0,104.69943237304688
gru_w60_huber,5,32,86,105.0,104.69943237304688
gru_w60_huber,5,32,124,67.0,104.69940185546875
gru_w60_huber,5,32,153,38.0,104.69931030273438
gru_w60_huber,5,32,181,10.0,10.718236923217773
gru_w60_huber,5,35,45,136.0,104.69947814941406
gru_w60_huber,5,35,81,100.0,104.69947814941406
gru_w60_huber,5,35,118,63.0,104.699462890625
gru_w60_huber,5,35,145,36.0,104.69943237304688
gru_w60_huber,5,35,172,9.0,104.6993408203125
gru_w60_huber,5,37,42,128.0,104.69947814941406
gru_w60_huber,5,37,76,94.0,104.69945526123047
gru_w60_huber,5,37,110,60.0,104.6994400024414
gru_w60_huber,5,37,136,34.0,104.69940948486328
gru_w60_huber,5,37,162,8.0,104.69932556152344
gru_w60_huber,5,42,49,147.0,104.69947814941406
gru_w60_huber,5,42,88,108.0,104.69947814941406
gru_w60_huber,5,42,127,69.0,104.69947052001953
gru_w60_huber,5,42,157,39.0,104.69943237304688
gru_w60_huber,5,42,186,10.0,104.6993408203125
gru_w60_huber,5,64,71,212.0,104.69947814941406
gru_w60_huber,5,64,127,156.0,104.69947052001953
gru_w60_huber,5,64,184,99.0,104.69943237304688
gru_w60_huber,5,64,226,57.0,104.6993637084961
gru_w60_huber,5,64,269,14.0,14.10882568359375
gru_w60_huber,5,74,42,124.0,104.69947814941406
gru_w60_huber,5,74,75,91.0,104.69947814941406
gru_w60_huber,5,74,108,58.0,104.69947814941406
gru_w60_huber,5,74,133,33.0,104.6994400024414
gru_w60_huber,5,74,158,8.0,104.69937896728516
gru_w60_huber,5,80,46,139.0,104.6994400024414
gru_w60_huber,5,80,83,102.0,104.69943237304688
gru_w60_huber,5,80,120,65.0,104.69942474365234
gru_w60_huber,5,80,148,37.0,104.69940948486328
gru_w60_huber,5,80,176,9.0,104.69920349121094
gru_w60_huber,5,89,54,163.0,104.69947814941406
gru_w60_huber,5,89,98,119.0,104.69947814941406
gru_w60_huber,5,89,141,76.0,104.69947814941406
gru_w60_huber,5,89,174,43.0,104.69944763183594
gru_w60_huber,5,89,206,11.0,104.69934844970703
gru_w60_huber,5,96,84,252.0,104.69947814941406
gru_w60_huber,5,96,151,185.0,104.69947814941406
gru_w60_huber,5,96,218,118.0,104.69947052001953
gru_w60_huber,5,96,269,67.0,104.69942474365234
gru_w60_huber,5,96,319,17.0,104.69920349121094
gru_w60_huber,5,98,39,117.0,104.69947814941406
gru_w60_huber,5,98,70,86.0,104.69947814941406
gru_w60_huber,5,98,101,55.0,104.69947814941406
gru_w60_huber,5,98,125,31.0,104.69945526123047
gru_w60_huber,5,98,148,8.0,104.69940185546875
lstm_w45_huber,1,16,52,157.0,96.66509246826172
lstm_w45_huber,1,16,94,115.0,87.82546997070312
lstm_w45_huber,1,16,136,73.0,62.17668914794922
lstm_w45_huber,1,16,167,42.0,43.063316345214844
lstm_w45_huber,1,16,199,10.0,4.0610857009887695
lstm_w45_huber,1,20,58,176.0,134.10525512695312
lstm_w45_huber,1,20,105,129.0,104.15194702148438
lstm_w45_huber,1,20,152,82.0,81.1325454711914
lstm_w45_huber,1,20,187,47.0,58.85297775268555
lstm_w45_huber,1,20,222,12.0,9.050429344177246
lstm_w45_huber,1,21,49,146.0,119.38264465332031
lstm_w45_huber,1,21,88,107.0,139.00607299804688
lstm_w45_huber,1,21,127,68.0,95.21882629394531
lstm_w45_huber,1,21,156,39.0,40.96287155151367
lstm_w45_huber,1,21,185,10.0,11.134440422058105
lstm_w45_huber,1,29,41,122.0,174.23779296875
lstm_w45_huber,1,29,73,90.0,100.88370513916016
lstm_w45_huber,1,29,106,57.0,82.25259399414062
lstm_w45_huber,1,29,130,33.0,36.188167572021484
lstm_w45_huber,1,29,155,8.0,8.361324310302734
lstm_w45_huber,1,36,40,118.0,91.36540985107422
lstm_w45_huber,1,36,71,87.0,118.43377685546875
lstm_w45_huber,1,36,103,55.0,61.410945892333984
lstm_w45_huber,1,36,126,32.0,35.180301666259766
lstm_w45_huber,1,36,150,8.0,11.260577201843262
lstm_w45_huber,1,40,47,141.0,90.0341567993164
lstm_w45_huber,1,40,85,103.0,93.56309509277344
lstm_w45_huber,1,40,122,66.0,69.29437255859375
lstm_w45_huber,1,40,150,38.0,44.78724670410156
lstm_w45_huber,1,40,179,9.0,6.030155181884766
lstm_w45_huber,1,47,54,160.0,131.0542449951172
lstm_w45_huber,1,47,96,118.0,150.24798583984375
lstm_w45_huber,1,47,139,75.0,76.52509307861328
lstm_w45_huber,1,47,171,43.0,41.359798431396484
lstm_w45_huber,1,47,203,11.0,16.545894622802734
lstm_w45_huber,1,59,58,173.0,181.76487731933594
lstm_w45_huber,1,59,104,127.0,125.0895767211914
lstm_w45_huber,1,59,150,81.0,89.39032745361328
lstm_w45_huber,1,59,185,46.0,43.53942108154297
lstm_w45_huber,1,59,219,12.0,12.213802337646484
lstm_w45_huber,1,66,50,152.0,127.05526733398438
lstm_w45_huber,1,66,91,111.0,92.01232147216797
lstm_w45_huber,1,66,131,71.0,63.1652946472168
lstm_w45_huber,1,66,162,40.0,36.20803451538086
lstm_w45_huber,1,66,192,10.0,5.70780611038208
lstm_w45_huber,1,68,50,149.0,158.24493408203125
lstm_w45_huber,1,68,90,109.0,84.93643951416016
lstm_w45_huber,1,68,129,70.0,72.06147003173828
lstm_w45_huber,1,68,159,40.0,55.124732971191406
lstm_w45_huber,1,68,189,10.0,7.917802810668945
lstm_w45_huber,1,69,90,272.0,130.35940551757812
lstm_w45_huber,1,69,163,199.0,138.9947509765625
lstm_w45_huber,1,69,235,127.0,132.3050994873047
lstm_w45_huber,1,69,290,72.0,62.18764877319336
lstm_w45_huber,1,69,344,18.0,10.272525787353516
lstm_w45_huber,1,72,53,160.0,149.90298461914062
lstm_w45_huber,1,72,96,117.0,109.60490417480469
lstm_w45_huber,1,72,138,75.0,123.69435119628906
lstm_w45_huber,1,72,170,43.0,39.73150634765625
lstm_w45_huber,1,72,202,11.0,12.656967163085938
lstm_w45_huber,1,76,52,158.0,182.42701721191406
lstm_w45_huber,1,76,94,116.0,126.50674438476562
lstm_w45_huber,1,76,136,74.0,69.25039672851562
lstm_w45_huber,1,76,168,42.0,38.26851272583008
lstm_w45_huber,1,76,200,10.0,8.50270938873291
lstm_w45_huber,1,79,50,149.0,167.12509155273438
lstm_w45_huber,1,79,90,109.0,133.35792541503906
lstm_w45_huber,1,79,129,70.0,86.57757568359375
lstm_w45_huber,1,79,159,40.0,47.28205871582031
lstm_w45_huber,1,79,189,10.0,10.067561149597168
lstm_w45_huber,1,83,73,220.0,174.8092498779297
lstm_w45_huber,1,83,132,161.0,146.82403564453125
lstm_w45_huber,1,83,190,103.0,82.94181060791016
lstm_w45_huber,1,83,234,59.0,57.33988952636719
lstm_w45_huber,1,83,278,15.0,13.160887718200684
lstm_w45_huber,1,86,70,208.0,130.7970733642578
lstm_w45_huber,1,86,125,153.0,98.0591049194336
lstm_w45_huber,1,86,181,97.0,72.43004608154297
lstm_w45_huber,1,86,222,56.0,56.278167724609375
lstm_w45_huber,1,86,264,14.0,10.2445650100708
lstm_w45_huber,1,95,71,212.0,197.52294921875
lstm_w45_huber,1,95,127,156.0,148.29640197753906
lstm_w45_huber,1,95,184,99.0,82.23812866210938
lstm_w45_huber,1,95,226,57.0,65.36286926269531
lstm_w45_huber,1,95,269,14.0,19.838762283325195
lstm_w45_huber,2,2,72,215.0,155.06797790527344
lstm_w45_huber,2,2,129,158.0,137.00218200683594
lstm_w45_huber,2,2,187,100.0,81.00263977050781
lstm_w45_huber,2,2,230,57.0,47.10927200317383
lstm_w45_huber,2,2,273,14.0,18.724088668823242
lstm_w45_huber,2,9,50,151.0,171.93548583984375
lstm_w45_huber,2,9,90,111.0,148.59664916992188
lstm_w45_huber,2,9,131,70.0,89.1928482055664
lstm_w45_huber,2,9,161,40.0,56.15591812133789
lstm_w45_huber,2,9,191,10.0,6.51397180557251
lstm_w45_huber,2,13,41,122.0,165.3773651123047
lstm_w45_huber,2,13,73,90.0,117.86396026611328
lstm_w45_huber,2,13,106,57.0,68.54762268066406
lstm_w45_huber,2,13,130,33.0,48.551658630371094
lstm_w45_huber,2,13,155,8.0,9.80226993560791
lstm_w45_huber,2,19,40,118.0,136.73556518554688
lstm_w45_huber,2,19,71,87.0,114.4853515625
lstm_w45_huber,2,19,103,55.0,46.28430938720703
lstm_w45_huber,2,19,126,32.0,30.81442642211914
lstm_w45_huber,2,19,150,8.0,9.923641204833984
lstm_w45_huber,2,25,58,172.0,129.7660369873047
lstm_w45_huber,2,25,104,126.0,142.02706909179688
lstm_w45_huber,2,25,150,80.0,76.85266876220703
lstm_w45_huber,2,25,184,46.0,52.62773132324219
lstm_w45_huber,2,25,218,12.0,14.871075630187988
lstm_w45_huber,2,39,32,96.0,133.6256866455078
lstm_w45_huber,2,39,58,70.0,87.59180450439453
lstm_w45_huber,2,39,83,45.0,53.2158088684082
lstm_w45_huber,2,39,102,26.0,33.41823959350586
lstm_w45_huber,2,39,122,6.0,7.157846927642822
lstm_w45_huber,2,43,52,155.0,130.107177734375
lstm_w45_huber,2,43,93,114.0,102.52403259277344
lstm_w45_huber,2,43,135,72.0,91.74771118164062
lstm_w45_huber,2,43,166,41.0,46.895599365234375
lstm_w45_huber,2,43,197,10.0,5.949260711669922
lstm_w45_huber,2,48,58,173.0,184.05812072753906
lstm_w45_huber,2,48,104,127.0,127.40975952148438
lstm_w45_huber,2,48,150,81.0,97.50776672363281
lstm_w45_huber,2,48,185,46.0,51.89107131958008
lstm_w45_huber,2,48,219,12.0,10.727694511413574
lstm_w45_huber,2,51,53,160.0,168.7890167236328
lstm_w45_huber,2,51,96,117.0,130.09791564941406
lstm_w45_huber,2,51,138,75.0,93.28670501708984
lstm_w45_huber,2,51,170,43.0,49.32352828979492
lstm_w45_huber,2,51,202,11.0,12.667608261108398
lstm_w45_huber,2,53,49,146.0,178.2069549560547
lstm_w45_huber,2,53,88,107.0,161.0308837890625
lstm_w45_huber,2,53,127,68.0,71.55686950683594
lstm_w45_huber,2,53,156,39.0,44.75192642211914
lstm_w45_huber,2,53,185,10.0,12.973155975341797
lstm_w45_huber,2,55,48,145.0,171.4819793701172
lstm_w45_huber,2,55,87,106.0,115.2135238647461
lstm_w45_huber,2,55,125,68.0,103.77054595947266
lstm_w45_huber,2,55,154,39.0,46.504310607910156
lstm_w45_huber,2,55,183,10.0,9.972506523132324
lstm_w45_huber,2,57,34,103.0,160.56573486328125
lstm_w45_huber,2,57,62,75.0,144.47793579101562
lstm_w45_huber,2,57,89,48.0,74.59214782714844
lstm_w45_huber,2,57,110,27.0,38.012569427490234
lstm_w45_huber,2,57,130,7.0,9.269622802734375
lstm_w45_huber,2,60,43,129.0,159.30078125
lstm_w45_huber,2,60,77,95.0,105.70267486572266
lstm_w45_huber,2,60,112,60.0,89.99663543701172
lstm_w45_huber,2,60,138,34.0,41.39207077026367
lstm_w45_huber,2,60,163,9.0,11.31375503540039
lstm_w45_huber,2,75,57,172.0,145.14649963378906
lstm_w45_huber,2,75,103,126.0,138.1973876953125
lstm_w45_huber,2,75,149,80.0,64.48558807373047
lstm_w45_huber,2,75,183,46.0,32.55183029174805
lstm_w45_huber,2,75,218,11.0,10.271443367004395
lstm_w45_huber,2,78,58,173.0,175.0397491455078
lstm_w45_huber,2,78,104,127.0,124.7890396118164
lstm_w45_huber,2,78,150,81.0,88.2373046875
lstm_w45_huber,2,78,185,46.0,38.65372085571289
lstm_w45_huber,2,78,219,12.0,15.372736930847168
lstm_w45_huber,2,99,46,139.0,108.45048522949219
lstm_w45_huber,2,99,83,102.0,186.7279815673828
lstm_w45_huber,2,99,120,65.0,100.22917938232422
lstm_w45_huber,2,99,148,37.0,38.496334075927734
lstm_w45_huber,2,99,176,9.0,8.847273826599121
lstm_w45_huber,2,100,50,150.0,183.51092529296875
lstm_w45_huber,2,100,90,110.0,88.05082702636719
lstm_w45_huber,2,100,130,70.0,84.0387954711914
lstm_w45_huber,2,100,160,40.0,45.715824127197266
lstm_w45_huber,2,100,190,10.0,16.452770233154297
lstm_w45_huber,3,3,45,134.0,141.7371063232422
lstm_w45_huber,3,3,81,98.0,103.41936492919922
lstm_w45_huber,3,3,116,63.0,75.00647735595703
lstm_w45_huber,3,3,143,36.0,44.772056579589844
lstm_w45_huber,3,3,170,9.0,12.028170585632324
lstm_w45_huber,3,6,47,141.0,161.21859741210938
lstm_w45_huber,3,6,85,103.0,100.94523620605469
lstm_w45_huber,3,6,122,66.0,66.80978393554688
lstm_w45_huber,3,6,150,38.0,27.493906021118164
lstm_w45_huber,3,6,179,9.0,4.082542896270752
lstm_w45_huber,3,7,65,194.0,155.62794494628906
lstm_w45_huber,3,7,117,142.0,98.10694885253906
lstm_w45_huber,3,7,168,91.0,61.55447006225586
lstm_w45_huber,3,7,207,52.0,49.60941696166992
lstm_w45_huber,3,7,246,13.0,11.742521286010742
lstm_w45_huber,3,8,38,112.0,150.77554321289062
lstm_w45_huber,3,8,68,82.0,79.80877685546875
lstm_w45_huber,3,8,98,52.0,54.792694091796875
lstm_w45_huber,3,8,120,30.0,37.74712371826172
lstm_w45_huber,3,8,142,8.0,4.379924774169922
lstm_w45_huber,3,10,56,166.0,193.52499389648438
lstm_w45_huber,3,10,100,122.0,156.819091796875
lstm_w45_huber,3,10,144,78.0,75.1484603881836
lstm_w45_huber,3,10,178,44.0,46.52963638305664
lstm_w45_huber,3,10,211,11.0,11.831005096435547
lstm_w45_huber,3,17,69,207.0,116.80745697021484
lstm_w45_huber,3,17,124,152.0,101.04554748535156
lstm_w45_huber,3,17,179,97.0,74.16651916503906
lstm_w45_huber,3,17,221,55.0,48.79640197753906
lstm_w45_huber,3,17,262,14.0,12.068706512451172
lstm_w45_huber,3,24,37,110.0,121.04130554199219
lstm_w45_huber,3,24,66,81.0,91.3344497680664
lstm_w45_huber,3,24,96,51.0,73.27704620361328
lstm_w45_huber,3,24,118,29.0,34.133602142333984
lstm_w45_huber,3,24,140,7.0,5.885603904724121
lstm_w45_huber,3,26,50,149.0,108.82467651367188
lstm_w45_huber,3,26,90,109.0,107.4739761352539
lstm_w45_huber,3,26,129,70.0,100.61012268066406
lstm_w45_huber,3,26,159,40.0,34.54291915893555
lstm_w45_huber,3,26,189,10.0,12.293465614318848
lstm_w45_huber,3,41,54,162.0,143.45608520507812
lstm_w45_huber,3,41,97,119.0,101.15853881835938
lstm_w45_huber,3,41,140,76.0,60.61836624145508
lstm_w45_huber,3,41,173,43.0,44.648685455322266
lstm_w45_huber,3,41,205,11.0,12.175522804260254
lstm_w45_huber,3,45,40,118.0,163.4536895751953
lstm_w45_huber,3,45,71,87.0,122.68653869628906
lstm_w45_huber,3,45,103,55.0,66.14692687988281
lstm_w45_huber,3,45,126,32.0,43.359291076660156
lstm_w45_huber,3,45,150,8.0,6.183747291564941
lstm_w45_huber,3,52,53,160.0,150.0031280517578
lstm_w45_huber,3,52,96,117.0,77.03239440917969
lstm_w45_huber,3,52,138,75.0,79.88929748535156
lstm_w45_huber,3,52,170,43.0,31.750720977783203
lstm_w45_huber,3,52,202,11.0,12.073739051818848
lstm_w45_huber,3,56,69,206.0,125.52252960205078
lstm_w45_huber,3,56,124,151.0,118.21053314208984
lstm_w45_huber,3,56,179,96.0,62.46621322631836
lstm_w45_huber,3,56,220,55.0,10.732051849365234
lstm_w45_huber,3,56,261,14.0,12.21114444732666
lstm_w45_huber,3,62,45,135.0,137.06349182128906
lstm_w45_huber,3,62,81,99.0,101.73976135253906
lstm_w45_huber,3,62,117,63.0,71.35545349121094
lstm_w45_huber,3,62,144,36.0,9.719879150390625
lstm_w45_huber,3,62,171,9.0,11.015473365783691
lstm_w45_huber,3,73,53,160.0,153.31259155273438
lstm_w45_huber,3,73,96,117.0,106.35325622558594
lstm_w45_huber,3,73,138,75.0,50.38450622558594
lstm_w45_huber,3,73,170,43.0,32.026451110839844
lstm_w45_huber,3,73,202,11.0,11.067645072937012
lstm_w45_huber,3,87,44,134.0,116.11844635009766
lstm_w45_huber,3,87,80,98.0,117.71563720703125
lstm_w45_huber,3,87,116,62.0,64.87012481689453
lstm_w45_huber,3,87,142,36.0,37.78785705566406
lstm_w45_huber,3,87,169,9.0,11.008353233337402
lstm_w45_huber,3,90,38,116.0,169.65383911132812
lstm_w45_huber,3,90,69,85.0,129.21788024902344
lstm_w45_huber,3,90,100,54.0,96.45392608642578
lstm_w45_huber,3,90,123,31.0,49.08035659790039
lstm_w45_huber,3,90,146,8.0,8.894970893859863
lstm_w45_huber,3,91,34,101.0,89.25533294677734
lstm_w45_huber,3,91,61,74.0,78.94678497314453
lstm_w45_huber,3,91,88,47.0,43.22772979736328
lstm_w45_huber,3,91,108,27.0,35.02238464355469
lstm_w45_huber,3,91,128,7.0,11.160734176635742
lstm_w45_huber,4,1,48,144.0,181.93540954589844
lstm_w45_huber,4,1,86,106.0,118.7767333984375
lstm_w45_huber,4,1,125,67.0,62.90670394897461
lstm_w45_huber,4,1,154,38.0,47.865055084228516
lstm_w45_huber,4,1,182,10.0,7.7852325439453125
lstm_w45_huber,4,11,60,180.0,135.51368713378906
lstm_w45_huber,4,11,108,132.0,124.88219451904297
lstm_w45_huber,4,11,156,84.0,64.89017486572266
lstm_w45_huber,4,11,192,48.0,50.18620300292969
lstm_w45_huber,4,11,228,12.0,10.228965759277344
lstm_w45_huber,4,23,42,126.0,162.18560791015625
lstm_w45_huber,4,23,76,92.0,92.50115203857422
lstm_w45_huber,4,23,109,59.0,75.6137466430664
lstm_w45_huber,4,23,134,34.0,32.2840690612793
lstm_w45_huber,4,23,160,8.0,7.198128700256348
lstm_w45_huber,4,28,41,124.0,159.4866485595703
lstm_w45_huber,4,28,74,91.0,125.91014862060547
lstm_w45_huber,4,28,107,58.0,63.6292839050293
lstm_w45_huber,4,28,132,33.0,45.16946029663086
lstm_w45_huber,4,28,157,8.0,8.6770658493042
lstm_w45_huber,4,44,48,144.0,129.6918487548828
lstm_w45_huber,4,44,86,106.0,131.302490234375
lstm_w45_huber,4,44,125,67.0,94.75093078613281
lstm_w45_huber,4,44,154,38.0,42.96214294433594
lstm_w45_huber,4,44,182,10.0,8.091024398803711
lstm_w45_huber,4,54,64,193.0,137.37258911132812
lstm_w45_huber,4,54,116,141.0,113.31875610351562
lstm_w45_huber,4,54,167,90.0,90.74855041503906
lstm_w45_huber,4,54,206,51.0,49.76344680786133
lstm_w45_huber,4,54,244,13.0,11.527532577514648
lstm_w45_huber,4,58,37,110.0,125.80924224853516
lstm_w45_huber,4,58,66,81.0,194.6300811767578
lstm_w45_huber,4,58,96,51.0,76.80672454833984
lstm_w45_huber,4,58,118,29.0,32.86784362792969
lstm_w45_huber,4,58,140,7.0,6.501534938812256
lstm_w45_huber,4,61,46,139.0,168.67086791992188
lstm_w45_huber,4,61,83,102.0,138.94407653808594
lstm_w45_huber,4,61,120,65.0,73.84579467773438
lstm_w45_huber,4,61,148,37.0,45.31059646606445
lstm_w45_huber,4,61,176,9.0,6.3073835372924805
lstm_w45_huber,4,63,44,130.0,178.48583984375
lstm_w45_huber,4,63,78,96.0,188.93179321289062
lstm_w45_huber,4,63,113,61.0,59.92936706542969
lstm_w45_huber,4,63,139,35.0,36.48814392089844
lstm_w45_huber,4,63,165,9.0,8.264883041381836
lstm_w45_huber,4,65,38,115.0,127.85277557373047
lstm_w45_huber,4,65,69,84.0,113.19625091552734
lstm_w45_huber,4,65,99,54.0,74.07999420166016
lstm_w45_huber,4,65,122,31.0,37.42021560668945
lstm_w45_huber,4,65,145,8.0,6.360567569732666
lstm_w45_huber,4,67,78,235.0,145.44418334960938
lstm_w45_huber,4,67,141,172.0,161.87843322753906
lstm_w45_huber,4,67,203,110.0,82.20206451416016
lstm_w45_huber,4,67,250,63.0,56.61888885498047
lstm_w45_huber,4,67,297,16.0,6.409849166870117
lstm_w45_huber,4,70,34,103.0,148.34962463378906
lstm_w45_huber,4,70,62,75.0,159.1067352294922
lstm_w45_huber,4,70,89,48.0,75.81590270996094
lstm_w45_huber,4,70,110,27.0,34.085750579833984
lstm_w45_huber,4,70,130,7.0,7.885689735412598
lstm_w45_huber,4,71,52,156.0,151.3677978515625
lstm_w45_huber,4,71,94,114.0,115.22476959228516
lstm_w45_huber,4,71,135,73.0,90.34819030761719
lstm_w45_huber,4,71,166,42.0,45.06637191772461
lstm_w45_huber,4,71,198,10.0,11.309596061706543
lstm_w45_huber,4,82,54,160.0,151.5953369140625
lstm_w45_huber,4,82,96,118.0,141.18106079101562
lstm_w45_huber,4,82,139,75.0,63.87715148925781
lstm_w45_huber,4,82,171,43.0,43.40497589111328
lstm_w45_huber,4,82,203,11.0,8.992512702941895
lstm_w45_huber,4,85,47,141.0,192.4297637939453
lstm_w45_huber,4,85,85,103.0,86.04045867919922
lstm_w45_huber,4,85,122,66.0,76.37362670898438
lstm_w45_huber,4,85,150,38.0,50.321327209472656
lstm_w45_huber,4,85,179,9.0,8.384705543518066
lstm_w45_huber,4,92,85,256.0,201.68817138671875
lstm_w45_huber,4,92,153,188.0,196.54100036621094
lstm_w45_huber,4,92,222,119.0,89.22071075439453
lstm_w45_huber,4,92,273,68.0,46.95918273925781
lstm_w45_huber,4,92,324,17.0,6.175556182861328
lstm_w45_huber,4,94,64,194.0,139.39215087890625
lstm_w45_huber,4,94,116,142.0,126.47809600830078
lstm_w45_huber,4,94,168,90.0,84.10110473632812
lstm_w45_huber,4,94,206,52.0,47.79376983642578
lstm_w45_huber,4,94,245,13.0,7.045847415924072
lstm_w45_huber,5,4,47,142.0,129.43199157714844
lstm_w45_huber,5,4,85,104.0,129.09230041503906
lstm_w45_huber,5,4,123,66.0,69.80108642578125
lstm_w45_huber,5,4,151,38.0,35.57427215576172
lstm_w45_huber,5,4,180,9.0,4.3637213706970215
lstm_w45_huber,5,5,67,202.0,151.65869140625
lstm_w45_huber,5,5,121,148.0,128.19476318359375
lstm_w45_huber,5,5,175,94.0,75.60546875
lstm_w45_huber,5,5,215,54.0,40.95241928100586
lstm_w45_huber,5,5,256,13.0,6.138303756713867
lstm_w45_huber,5,12,42,128.0,117.69410705566406
lstm_w45_huber,5,12,76,94.0,130.9167022705078
lstm_w45_huber,5,12,110,60.0,75.62611389160156
lstm_w45_huber,5,12,136,34.0,33.03074264526367
lstm_w45_huber,5,12,162,8.0,6.46381139755249
lstm_w45_huber,5,14,45,135.0,109.24857330322266
lstm_w45_huber,5,14,81,99.0,175.61062622070312
lstm_w45_huber,5,14,117,63.0,53.75931167602539
lstm_w45_huber,5,14,144,36.0,46.262516021728516
lstm_w45_huber,5,14,171,9.0,9.817768096923828
lstm_w45_huber,5,15,52,155.0,161.6796875
lstm_w45_huber,5,15,93,114.0,114.76132202148438
lstm_w45_huber,5,15,135,72.0,70.53099060058594
lstm_w45_huber,5,15,166,41.0,32.562049865722656
lstm_w45_huber,5,15,197,10.0,4.336546897888184
lstm_w45_huber,5,18,49,146.0,129.16893005371094
lstm_w45_huber,5,18,88,107.0,103.52620697021484
lstm_w45_huber,5,18,127,68.0,81.14834594726562
lstm_w45_huber,5,18,156,39.0,42.39211654663086
lstm_w45_huber,5,18,185,10.0,7.338942050933838
lstm_w45_huber,5,30,48,146.0,167.73226928710938
lstm_w45_huber,5,30,87,107.0,131.114501953125
lstm_w45_huber,5,30,126,68.0,82.10951232910156
lstm_w45_huber,5,30,155,39.0,34.5804443359375
lstm_w45_huber,5,30,184,10.0,7.437767028808594
lstm_w45_huber,5,32,48,143.0,182.2149658203125
lstm_w45_huber,5,32,86,105.0,104.3313217163086
lstm_w45_huber,5,32,124,67.0,66.47000885009766
lstm_w45_huber,5,32,153,38.0,34.43758773803711
lstm_w45_huber,5,32,181,10.0,5.083295822143555
lstm_w45_huber,5,35,45,136.0,151.44912719726562
lstm_w45_huber,5,35,81,100.0,115.46393585205078
lstm_w45_huber,5,35,118,63.0,58.1591911315918
lstm_w45_huber,5,35,145,36.0,36.483482360839844
lstm_w45_huber,5,35,172,9.0,7.712902545928955
lstm_w45_huber,5,37,42,128.0,121.62132263183594
lstm_w45_huber,5,37,76,94.0,122.90074920654297
lstm_w45_huber,5,37,110,60.0,64.80604553222656
lstm_w45_huber,5,37,136,34.0,39.66899108886719
lstm_w45_huber,5,37,162,8.0,8.25309944152832
lstm_w45_huber,5,42,49,147.0,169.5832977294922
lstm_w45_huber,5,42,88,108.0,159.5919647216797
lstm_w45_huber,5,42,127,69.0,75.41806030273438
lstm_w45_huber,5,42,157,39.0,44.2057991027832
lstm_w45_huber,5,42,186,10.0,10.518839836120605
lstm_w45_huber,5,64,71,212.0,118.84394073486328
lstm_w45_huber,5,64,127,156.0,80.79774475097656
lstm_w45_huber,5,64,184,99.0,60.04317092895508
lstm_w45_huber,5,64,226,57.0,43.53033447265625
lstm_w45_huber,5,64,269,14.0,7.456214904785156
lstm_w45_huber,5,74,42,124.0,118.85673522949219
lstm_w45_huber,5,74,75,91.0,117.27971649169922
lstm_w45_huber,5,74,108,58.0,135.74484252929688
lstm_w45_huber,5,74,133,33.0,35.391510009765625
lstm_w45_huber,5,74,158,8.0,4.733870983123779
lstm_w45_huber,5,80,46,139.0,167.22207641601562
lstm_w45_huber,5,80,83,102.0,145.36595153808594
lstm_w45_huber,5,80,120,65.0,74.11372375488281
lstm_w45_huber,5,80,148,37.0,45.15454864501953
lstm_w45_huber,5,80,176,9.0,7.237799644470215
lstm_w45_huber,5,89,54,163.0,140.8164825439453
lstm_w45_huber,5,89,98,119.0,134.77072143554688
lstm_w45_huber,5,89,141,76.0,83.0451431274414
lstm_w45_huber,5,89,174,43.0,33.21443176269531
lstm_w45_huber,5,89,206,11.0,5.668768882751465
lstm_w45_huber,5,96,84,252.0,157.81434631347656
lstm_w45_huber,5,96,151,185.0,123.01117706298828
lstm_w45_huber,5,96,218,118.0,61.4648551940918
lstm_w45_huber,5,96,269,67.0,69.43717956542969
lstm_w45_huber,5,96,319,17.0,13.55380630493164
lstm_w45_huber,5,98,39,117.0,133.75994873046875
lstm_w45_huber,5,98,70,86.0,101.3838882446289
lstm_w45_huber,5,98,101,55.0,57.46625518798828
lstm_w45_huber,5,98,125,31.0,34.69334030151367
lstm_w45_huber,5,98,148,8.0,6.4139485359191895
lstm_w60_huber,1,16,52,157.0,104.24847412109375
lstm_w60_huber,1,16,94,115.0,95.84642791748047
lstm_w60_huber,1,16,136,73.0,60.73283386230469
lstm_w60_huber,1,16,167,42.0,35.44661331176758
lstm_w60_huber,1,16,199,10.0,2.6758182048797607
lstm_w60_huber,1,20,58,176.0,143.0384063720703
lstm_w60_huber,1,20,105,129.0,139.69834899902344
lstm_w60_huber,1,20,152,82.0,81.31959533691406
lstm_w60_huber,1,20,187,47.0,54.74830627441406
lstm_w60_huber,1,20,222,12.0,7.866252422332764
lstm_w60_huber,1,21,49,146.0,127.80144500732422
lstm_w60_huber,1,21,88,107.0,135.67259216308594
lstm_w60_huber,1,21,127,68.0,93.89325714111328
lstm_w60_huber,1,21,156,39.0,46.088802337646484
lstm_w60_huber,1,21,185,10.0,11.397132873535156
lstm_w60_huber,1,29,41,122.0,134.38015747070312
lstm_w60_huber,1,29,73,90.0,110.02580261230469
lstm_w60_huber,1,29,106,57.0,79.29588317871094
lstm_w60_huber,1,29,130,33.0,39.772308349609375
lstm_w60_huber,1,29,155,8.0,6.954080581665039
lstm_w60_huber,1,36,40,118.0,96.74696350097656
lstm_w60_huber,1,36,71,87.0,94.40966796875
lstm_w60_huber,1,36,103,55.0,62.6182861328125
lstm_w60_huber,1,36,126,32.0,35.35834503173828
lstm_w60_huber,1,36,150,8.0,9.147339820861816
lstm_w60_huber,1,40,47,141.0,108.39142608642578
lstm_w60_huber,1,40,85,103.0,104.0056381225586
lstm_w60_huber,1,40,122,66.0,66.788330078125
lstm_w60_huber,1,40,150,38.0,39.359962463378906
lstm_w60_huber,1,40,179,9.0,8.4478178024292
lstm_w60_huber,1,47,54,160.0,155.03451538085938
lstm_w60_huber,1,47,96,118.0,141.13037109375
lstm_w60_huber,1,47,139,75.0,77.07803344726562
lstm_w60_huber,1,47,171,43.0,37.728790283203125
lstm_w60_huber,1,47,203,11.0,10.869006156921387
lstm_w60_huber,1,59,58,173.0,189.19676208496094
lstm_w60_huber,1,59,104,127.0,113.87950897216797
lstm_w60_huber,1,59,150,81.0,93.40309143066406
lstm_w60_huber,1,59,185,46.0,43.2022705078125
lstm_w60_huber,1,59,219,12.0,8.236007690429688
lstm_w60_huber,1,66,50,152.0,144.48907470703125
lstm_w60_huber,1,66,91,111.0,97.79519653320312
lstm_w60_huber,1,66,131,71.0,62.840362548828125
lstm_w60_huber,1,66,162,40.0,30.572040557861328
lstm_w60_huber,1,66,192,10.0,4.616880416870117
lstm_w60_huber,1,68,50,149.0,191.34503173828125
lstm_w60_huber,1,68,90,109.0,89.82354736328125
lstm_w60_huber,1,68,129,70.0,88.41934967041016
lstm_w60_huber,1,68,159,40.0,47.76618576049805
lstm_w60_huber,1,68,189,10.0,9.28410530090332
lstm_w60_huber,1,69,90,272.0,122.78421783447266
lstm_w60_huber,1,69,163,199.0,175.822021484375
lstm_w60_huber,1,69,235,127.0,128.65170288085938
lstm_w60_huber,1,69,290,72.0,50.20306396484375
lstm_w60_huber,1,69,344,18.0,6.289548873901367
lstm_w60_huber,1,72,53,160.0,150.44662475585938
lstm_w60_huber,1,72,96,117.0,107.26593017578125
lstm_w60_huber,1,72,138,75.0,75.40460205078125
lstm_w60_huber,1,72,170,43.0,38.30949401855469
lstm_w60_huber,1,72,202,11.0,5.247284889221191
lstm_w60_huber,1,76,52,158.0,189.2584228515625
lstm_w60_huber,1,76,94,116.0,110.1351089477539
lstm_w60_huber,1,76,136,74.0,67.73290252685547
lstm_w60_huber,1,76,168,42.0,39.624267578125
lstm_w60_huber,1,76,200,10.0,3.6281042098999023
lstm_w60_huber,1,79,50,149.0,176.03712463378906
lstm_w60_huber,1,79,90,109.0,126.02099609375
lstm_w60_huber,1,79,129,70.0,87.68750762939453
lstm_w60_huber,1,79,159,40.0,51.349666595458984
lstm_w60_huber,1,79,189,10.0,7.499634265899658
lstm_w60_huber,1,83,73,220.0,178.6473846435547
lstm_w60_huber,1,83,132,161.0,198.9090118408203
lstm_w60_huber,1,83,190,103.0,83.51458740234375
lstm_w60_huber,1,83,234,59.0,63.37591552734375
lstm_w60_huber,1,83,278,15.0,8.610453605651855
lstm_w60_huber,1,86,70,208.0,199.04383850097656
lstm_w60_huber,1,86,125,153.0,144.49835205078125
lstm_w60_huber,1,86,181,97.0,74.66870880126953
lstm_w60_huber,1,86,222,56.0,54.69133758544922
lstm_w60_huber,1,86,264,14.0,8.33197021484375
lstm_w60_huber,1,95,71,212.0,198.7107696533203
lstm_w60_huber,1,95,127,156.0,158.750244140625
lstm_w60_huber,1,95,184,99.0,80.69621276855469
lstm_w60_huber,1,95,226,57.0,47.73080062866211
lstm_w60_huber,1,95,269,14.0,17.951465606689453
lstm_w60_huber,2,2,72,215.0,146.71603393554688
lstm_w60_huber,2,2,129,158.0,136.8434295654297
lstm_w60_huber,2,2,187,100.0,195.58953857421875
lstm_w60_huber,2,2,230,57.0,45.72614288330078
lstm_w60_huber,2,2,273,14.0,13.99937915802002
lstm_w60_huber,2,9,50,151.0,144.50128173828125
lstm_w60_huber,2,9,90,111.0,139.721923828125
lstm_w60_huber,2,9,131,70.0,102.47648620605469
lstm_w60_huber,2,9,161,40.0,44.207698822021484
lstm_w60_huber,2,9,191,10.0,10.169731140136719
lstm_w60_huber,2,13,41,122.0,175.22177124023438
lstm_w60_huber,2,13,73,90.0,125.67420959472656
lstm_w60_huber,2,13,106,57.0,70.0638427734375
lstm_w60_huber,2,13,130,33.0,43.79140090942383
lstm_w60_huber,2,13,155,8.0,11.896575927734375
lstm_w60_huber,2,19,40,118.0,137.90476989746094
lstm_w60_huber,2,19,71,87.0,120.8359603881836
lstm_w60_huber,2,19,103,55.0,56.445152282714844
lstm_w60_huber,2,19,126,32.0,32.9750862121582
lstm_w60_huber,2,19,150,8.0,9.274718284606934
lstm_w60_huber,2,25,58,172.0,147.92384338378906
lstm_w60_huber,2,25,104,126.0,134.0897674560547
lstm_w60_huber,2,25,150,80.0,114.66185760498047
lstm_w60_huber,2,25,184,46.0,49.91956329345703
lstm_w60_huber,2,25,218,12.0,12.400009155273438
lstm_w60_huber,2,39,32,96.0,147.72854614257812
lstm_w60_huber,2,39,58,70.0,101.0915298461914
lstm_w60_huber,2,39,83,45.0,71.23082733154297
lstm_w60_huber,2,39,102,26.0,40.94489288330078
lstm_w60_huber,2,39,122,6.0,10.93895435333252
lstm_w60_huber,2,43,52,155.0,142.06036376953125
lstm_w60_huber,2,43,93,114.0,170.86509704589844
lstm_w60_huber,2,43,135,72.0,102.30624389648438
lstm_w60_huber,2,43,166,41.0,53.60414123535156
lstm_w60_huber,2,43,197,10.0,7.897912979125977
lstm_w60_huber,2,48,58,173.0,169.03469848632812
lstm_w60_huber,2,48,104,127.0,116.7468032836914
lstm_w60_huber,2,48,150,81.0,83.29708099365234
lstm_w60_huber,2,48,185,46.0,46.05732727050781
lstm_w60_huber,2,48,219,12.0,10.374402046203613
lstm_w60_huber,2,51,53,160.0,148.8030548095703
lstm_w60_huber,2,51,96,117.0,131.1729278564453
lstm_w60_huber,2,51,138,75.0,90.3502197265625
lstm_w60_huber,2,51,170,43.0,42.8831787109375
lstm_w60_huber,2,51,202,11.0,11.706682205200195
lstm_w60_huber,2,53,49,146.0,196.54000854492188
lstm_w60_huber,2,53,88,107.0,144.2877197265625
lstm_w60_huber,2,53,127,68.0,90.87401580810547
lstm_w60_huber,2,53,156,39.0,44.52704620361328
lstm_w60_huber,2,53,185,10.0,14.55825138092041
lstm_w60_huber,2,55,48,145.0,159.4868927001953
lstm_w60_huber,2,55,87,106.0,112.1547622680664
lstm_w60_huber,2,55,125,68.0,102.05011749267578
lstm_w60_huber,2,55,154,39.0,52.64342498779297
lstm_w60_huber,2,55,183,10.0,11.35653305053711
lstm_w60_huber,2,57,34,103.0,171.0340118408203
lstm_w60_huber,2,57,62,75.0,143.38377380371094
lstm_w60_huber,2,57,89,48.0,72.358154296875
lstm_w60_huber,2,57,110,27.0,35.460689544677734
lstm_w60_huber,2,57,130,7.0,7.630345821380615
lstm_w60_huber,2,60,43,129.0,132.21322631835938
lstm_w60_huber,2,60,77,95.0,120.25102996826172
lstm_w60_huber,2,60,112,60.0,81.85411071777344
lstm_w60_huber,2,60,138,34.0,38.13804244995117
lstm_w60_huber,2,60,163,9.0,9.188231468200684
lstm_w60_huber,2,75,57,172.0,143.56227111816406
lstm_w60_huber,2,75,103,126.0,134.14181518554688
lstm_w60_huber,2,75,149,80.0,71.63703155517578
lstm_w60_huber,2,75,183,46.0,44.74280548095703
lstm_w60_huber,2,75,218,11.0,9.634843826293945
lstm_w60_huber,2,78,58,173.0,170.78929138183594
lstm_w60_huber,2,78,104,127.0,126.24214935302734
lstm_w60_huber,2,78,150,81.0,93.04226684570312
lstm_w60_huber,2,78,185,46.0,40.08133316040039
lstm_w60_huber,2,78,219,12.0,10.965468406677246
lstm_w60_huber,2,99,46,139.0,192.0168914794922
lstm_w60_huber,2,99,83,102.0,199.01705932617188
lstm_w60_huber,2,99,120,65.0,85.93901062011719
lstm_w60_huber,2,99,148,37.0,40.1589241027832
lstm_w60_huber,2,99,176,9.0,9.346879005432129
lstm_w60_huber,2,100,50,150.0,197.81715393066406
lstm_w60_huber,2,100,90,110.0,115.51473999023438
lstm_w60_huber,2,100,130,70.0,82.06777954101562
lstm_w60_huber,2,100,160,40.0,41.152278900146484
lstm_w60_huber,2,100,190,10.0,16.026329040527344
lstm_w60_huber,3,3,45,134.0,139.8721160888672
lstm_w60_huber,3,3,81,98.0,107.81141662597656
lstm_w60_huber,3,3,116,63.0,81.97112274169922
lstm_w60_huber,3,3,143,36.0,46.57627868652344
lstm_w60_huber,3,3,170,9.0,10.119747161865234
lstm_w60_huber,3,6,47,141.0,141.9721221923828
lstm_w60_huber,3,6,85,103.0,114.6596450805664
lstm_w60_huber,3,6,122,66.0,84.16844177246094
lstm_w60_huber,3,6,150,38.0,44.410587310791016
lstm_w60_huber,3,6,179,9.0,6.188730239868164
lstm_w60_huber,3,7,65,194.0,147.35777282714844
lstm_w60_huber,3,7,117,142.0,96.67823028564453
lstm_w60_huber,3,7,168,91.0,99.14358520507812
lstm_w60_huber,3,7,207,52.0,61.23229217529297
lstm_w60_huber,3,7,246,13.0,15.080445289611816
lstm_w60_huber,3,8,38,112.0,153.88519287109375
lstm_w60_huber,3,8,68,82.0,141.97921752929688
lstm_w60_huber,3,8,98,52.0,60.532981872558594
lstm_w60_huber,3,8,120,30.0,52.56180953979492
lstm_w60_huber,3,8,142,8.0,10.160462379455566
lstm_w60_huber,3,10,56,166.0,183.57211303710938
lstm_w60_huber,3,10,100,122.0,167.63453674316406
lstm_w60_huber,3,10,144,78.0,79.71875762939453
lstm_w60_huber,3,10,178,44.0,40.46078872680664
lstm_w60_huber,3,10,211,11.0,10.039069175720215
lstm_w60_huber,3,17,69,207.0,185.40158081054688
lstm_w60_huber,3,17,124,152.0,100.7680892944336
lstm_w60_huber,3,17,179,97.0,101.4163589477539
lstm_w60_huber,3,17,221,55.0,52.00321960449219
lstm_w60_huber,3,17,262,14.0,10.835700988769531
lstm_w60_huber,3,24,37,110.0,120.57320404052734
lstm_w60_huber,3,24,66,81.0,91.51130676269531
lstm_w60_huber,3,24,96,51.0,71.3230209350586
lstm_w60_huber,3,24,118,29.0,37.87929916381836
lstm_w60_huber,3,24,140,7.0,8.823891639709473
lstm_w60_huber,3,26,50,149.0,113.20161437988281
lstm_w60_huber,3,26,90,109.0,88.95751190185547
lstm_w60_huber,3,26,129,70.0,117.06867980957031
lstm_w60_huber,3,26,159,40.0,45.04289245605469
lstm_w60_huber,3,26,189,10.0,11.148775100708008
lstm_w60_huber,3,41,54,162.0,138.09475708007812
lstm_w60_huber,3,41,97,119.0,97.42147064208984
lstm_w60_huber,3,41,140,76.0,79.36785125732422
lstm_w60_huber,3,41,173,43.0,48.1021614074707
lstm_w60_huber,3,41,205,11.0,13.102351188659668
lstm_w60_huber,3,45,40,118.0,179.35089111328125
lstm_w60_huber,3,45,71,87.0,119.75555419921875
lstm_w60_huber,3,45,103,55.0,65.15078735351562
lstm_w60_huber,3,45,126,32.0,43.61708450317383
lstm_w60_huber,3,45,150,8.0,8.784771919250488
lstm_w60_huber,3,52,53,160.0,160.4348907470703
lstm_w60_huber,3,52,96,117.0,100.1747055053711
lstm_w60_huber,3,52,138,75.0,76.96379852294922
lstm_w60_huber,3,52,170,43.0,36.81271743774414
lstm_w60_huber,3,52,202,11.0,9.249265670776367
lstm_w60_huber,3,56,69,206.0,143.18690490722656
lstm_w60_huber,3,56,124,151.0,126.6408462524414
lstm_w60_huber,3,56,179,96.0,75.20693969726562
lstm_w60_huber,3,56,220,55.0,43.83510208129883
lstm_w60_huber,3,56,261,14.0,3.740158796310425
lstm_w60_huber,3,62,45,135.0,169.5501708984375
lstm_w60_huber,3,62,81,99.0,127.20103454589844
lstm_w60_huber,3,62,117,63.0,86.03328704833984
lstm_w60_huber,3,62,144,36.0,46.987735748291016
lstm_w60_huber,3,62,171,9.0,13.358163833618164
lstm_w60_huber,3,73,53,160.0,187.51040649414062
lstm_w60_huber,3,73,96,117.0,129.77122497558594
lstm_w60_huber,3,73,138,75.0,82.04459381103516
lstm_w60_huber,3,73,170,43.0,45.076847076416016
lstm_w60_huber,3,73,202,11.0,9.516968727111816
lstm_w60_huber,3,87,44,134.0,95.75547790527344
lstm_w60_huber,3,87,80,98.0,107.33407592773438
lstm_w60_huber,3,87,116,62.0,82.75477600097656
lstm_w60_huber,3,87,142,36.0,57.0977783203125
lstm_w60_huber,3,87,169,9.0,10.800762176513672
lstm_w60_huber,3,90,38,116.0,149.7746124267578
lstm_w60_huber,3,90,69,85.0,106.722900390625
lstm_w60_huber,3,90,100,54.0,82.67971801757812
lstm_w60_huber,3,90,123,31.0,47.19133377075195
lstm_w60_huber,3,90,146,8.0,12.891403198242188
lstm_w60_huber,3,91,34,101.0,122.8851089477539
lstm_w60_huber,3,91,61,74.0,98.37541961669922
lstm_w60_huber,3,91,88,47.0,60.503746032714844
lstm_w60_huber,3,91,108,27.0,41.755226135253906
lstm_w60_huber,3,91,128,7.0,12.506587982177734
lstm_w60_huber,4,1,48,144.0,178.00991821289062
lstm_w60_huber,4,1,86,106.0,178.91873168945312
lstm_w60_huber,4,1,125,67.0,66.91413116455078
lstm_w60_huber,4,1,154,38.0,36.24513244628906
lstm_w60_huber,4,1,182,10.0,12.219979286193848
lstm_w60_huber,4,11,60,180.0,157.68954467773438
lstm_w60_huber,4,11,108,132.0,135.6747283935547
lstm_w60_huber,4,11,156,84.0,68.11100006103516
lstm_w60_huber,4,11,192,48.0,48.20226287841797
lstm_w60_huber,4,11,228,12.0,9.039504051208496
lstm_w60_huber,4,23,42,126.0,200.1073455810547
lstm_w60_huber,4,23,76,92.0,116.38732147216797
lstm_w60_huber,4,23,109,59.0,70.08956146240234
lstm_w60_huber,4,23,134,34.0,32.10477828979492
lstm_w60_huber,4,23,160,8.0,13.011285781860352
lstm_w60_huber,4,28,41,124.0,167.42417907714844
lstm_w60_huber,4,28,74,91.0,134.97427368164062
lstm_w60_huber,4,28,107,58.0,74.44791412353516
lstm_w60_huber,4,28,132,33.0,44.93088912963867
lstm_w60_huber,4,28,157,8.0,11.516626358032227
lstm_w60_huber,4,44,48,144.0,146.7136993408203
lstm_w60_huber,4,44,86,106.0,151.34703063964844
lstm_w60_huber,4,44,125,67.0,84.4330825805664
lstm_w60_huber,4,44,154,38.0,37.88018035888672
lstm_w60_huber,4,44,182,10.0,11.149799346923828
lstm_w60_huber,4,54,64,193.0,153.86717224121094
lstm_w60_huber,4,54,116,141.0,144.5970001220703
lstm_w60_huber,4,54,167,90.0,87.22120666503906
lstm_w60_huber,4,54,206,51.0,42.70449447631836
lstm_w60_huber,4,54,244,13.0,12.542488098144531
lstm_w60_huber,4,58,37,110.0,104.8730239868164
lstm_w60_huber,4,58,66,81.0,104.1086196899414
lstm_w60_huber,4,58,96,51.0,67.95844268798828
lstm_w60_huber,4,58,118,29.0,32.347686767578125
lstm_w60_huber,4,58,140,7.0,8.970157623291016
lstm_w60_huber,4,61,46,139.0,194.20887756347656
lstm_w60_huber,4,61,83,102.0,152.60105895996094
lstm_w60_huber,4,61,120,65.0,85.02873992919922
lstm_w60_huber,4,61,148,37.0,40.29347610473633
lstm_w60_huber,4,61,176,9.0,8.992286682128906
lstm_w60_huber,4,63,44,130.0,123.25249481201172
lstm_w60_huber,4,63,78,96.0,154.26356506347656
lstm_w60_huber,4,63,113,61.0,63.74092483520508
lstm_w60_huber,4,63,139,35.0,38.57793426513672
lstm_w60_huber,4,63,165,9.0,10.984415054321289
lstm_w60_huber,4,65,38,115.0,151.49537658691406
lstm_w60_huber,4,65,69,84.0,169.06756591796875
lstm_w60_huber,4,65,99,54.0,74.65713500976562
lstm_w60_huber,4,65,122,31.0,39.67525863647461
lstm_w60_huber,4,65,145,8.0,9.281363487243652
lstm_w60_huber,4,67,78,235.0,131.01983642578125
lstm_w60_huber,4,67,141,172.0,107.93511962890625
lstm_w60_huber,4,67,203,110.0,94.63333129882812
lstm_w60_huber,4,67,250,63.0,60.70830535888672
lstm_w60_huber,4,67,297,16.0,13.493013381958008
lstm_w60_huber,4,70,34,103.0,193.6591796875
lstm_w60_huber,4,70,62,75.0,157.14315795898438
lstm_w60_huber,4,70,89,48.0,68.76522827148438
lstm_w60_huber,4,70,110,27.0,34.08638000488281
lstm_w60_huber,4,70,130,7.0,7.777822494506836
lstm_w60_huber,4,71,52,156.0,152.55174255371094
lstm_w60_huber,4,71,94,114.0,117.54899597167969
lstm_w60_huber,4,71,135,73.0,75.69606018066406
lstm_w60_huber,4,71,166,42.0,41.499229431152344
lstm_w60_huber,4,71,198,10.0,11.913025856018066
lstm_w60_huber,4,82,54,160.0,164.80740356445312
lstm_w60_huber,4,82,96,118.0,150.89031982421875
lstm_w60_huber,4,82,139,75.0,74.42340850830078
lstm_w60_huber,4,82,171,43.0,46.0259895324707
lstm_w60_huber,4,82,203,11.0,6.488627910614014
lstm_w60_huber,4,85,47,141.0,154.525634765625
lstm_w60_huber,4,85,85,103.0,106.08638763427734
lstm_w60_huber,4,85,122,66.0,65.44718170166016
lstm_w60_huber,4,85,150,38.0,40.06288528442383
lstm_w60_huber,4,85,179,9.0,13.002806663513184
lstm_w60_huber,4,92,85,256.0,209.81576538085938
lstm_w60_huber,4,92,153,188.0,194.8392333984375
lstm_w60_huber,4,92,222,119.0,81.9730224609375
lstm_w60_huber,4,92,273,68.0,54.373687744140625
lstm_w60_huber,4,92,324,17.0,7.028592586517334
lstm_w60_huber,4,94,64,194.0,152.344482421875
lstm_w60_huber,4,94,116,142.0,108.78255462646484
lstm_w60_huber,4,94,168,90.0,86.68509674072266
lstm_w60_huber,4,94,206,52.0,49.1938362121582
lstm_w60_huber,4,94,245,13.0,6.394840240478516
lstm_w60_huber,5,4,47,142.0,116.44986724853516
lstm_w60_huber,5,4,85,104.0,126.66271209716797
lstm_w60_huber,5,4,123,66.0,83.82398223876953
lstm_w60_huber,5,4,151,38.0,37.3726806640625
lstm_w60_huber,5,4,180,9.0,5.519876956939697
lstm_w60_huber,5,5,67,202.0,198.39306640625
lstm_w60_huber,5,5,121,148.0,142.02122497558594
lstm_w60_huber,5,5,175,94.0,80.3094253540039
lstm_w60_huber,5,5,215,54.0,43.58120346069336
lstm_w60_huber,5,5,256,13.0,5.477479934692383
lstm_w60_huber,5,12,42,128.0,137.8666229248047
lstm_w60_huber,5,12,76,94.0,103.96824645996094
lstm_w60_huber,5,12,110,60.0,69.9500961303711
lstm_w60_huber,5,12,136,34.0,28.534481048583984
lstm_w60_huber,5,12,162,8.0,8.238567352294922
lstm_w60_huber,5,14,45,135.0,113.4714584350586
lstm_w60_huber,5,14,81,99.0,132.3054962158203
lstm_w60_huber,5,14,117,63.0,59.9600830078125
lstm_w60_huber,5,14,144,36.0,40.91080093383789
lstm_w60_huber,5,14,171,9.0,12.382761001586914
lstm_w60_huber,5,15,52,155.0,174.39578247070312
lstm_w60_huber,5,15,93,114.0,122.63179016113281
lstm_w60_huber,5,15,135,72.0,63.22808074951172
lstm_w60_huber,5,15,166,41.0,32.442806243896484
lstm_w60_huber,5,15,197,10.0,7.0702338218688965
lstm_w60_huber,5,18,49,146.0,134.02760314941406
lstm_w60_huber,5,18,88,107.0,112.13493347167969
lstm_w60_huber,5,18,127,68.0,76.48699188232422
lstm_w60_huber,5,18,156,39.0,47.604583740234375
lstm_w60_huber,5,18,185,10.0,10.252943992614746
lstm_w60_huber,5,30,48,146.0,191.57362365722656
lstm_w60_huber,5,30,87,107.0,133.83497619628906
lstm_w60_huber,5,30,126,68.0,89.60063934326172
lstm_w60_huber,5,30,155,39.0,31.750045776367188
lstm_w60_huber,5,30,184,10.0,12.299198150634766
lstm_w60_huber,5,32,48,143.0,192.70216369628906
lstm_w60_huber,5,32,86,105.0,119.2029037475586
lstm_w60_huber,5,32,124,67.0,58.071781158447266
lstm_w60_huber,5,32,153,38.0,36.452430725097656
lstm_w60_huber,5,32,181,10.0,6.3315534591674805
lstm_w60_huber,5,35,45,136.0,110.42431640625
lstm_w60_huber,5,35,81,100.0,147.2057342529297
lstm_w60_huber,5,35,118,63.0,67.35810852050781
lstm_w60_huber,5,35,145,36.0,34.27256393432617
lstm_w60_huber,5,35,172,9.0,7.074230670928955
lstm_w60_huber,5,37,42,128.0,141.82455444335938
lstm_w60_huber,5,37,76,94.0,120.1097640991211
lstm_w60_huber,5,37,110,60.0,67.42579650878906
lstm_w60_huber,5,37,136,34.0,31.20236587524414
lstm_w60_huber,5,37,162,8.0,6.492758750915527
lstm_w60_huber,5,42,49,147.0,111.20796966552734
lstm_w60_huber,5,42,88,108.0,105.34445190429688
lstm_w60_huber,5,42,127,69.0,94.52515411376953
lstm_w60_huber,5,42,157,39.0,40.88930892944336
lstm_w60_huber,5,42,186,10.0,12.030211448669434
lstm_w60_huber,5,64,71,212.0,151.70849609375
lstm_w60_huber,5,64,127,156.0,103.80697631835938
lstm_w60_huber,5,64,184,99.0,71.8990707397461
lstm_w60_huber,5,64,226,57.0,43.719913482666016
lstm_w60_huber,5,64,269,14.0,9.683470726013184
lstm_w60_huber,5,74,42,124.0,115.18537902832031
lstm_w60_huber,5,74,75,91.0,107.92658996582031
lstm_w60_huber,5,74,108,58.0,96.61151123046875
lstm_w60_huber,5,74,133,33.0,41.95037078857422
lstm_w60_huber,5,74,158,8.0,7.887287616729736
lstm_w60_huber,5,80,46,139.0,175.2533416748047
lstm_w60_huber,5,80,83,102.0,100.43106842041016
lstm_w60_huber,5,80,120,65.0,84.84358215332031
lstm_w60_huber,5,80,148,37.0,40.841064453125
lstm_w60_huber,5,80,176,9.0,7.407495975494385
lstm_w60_huber,5,89,54,163.0,126.27460479736328
lstm_w60_huber,5,89,98,119.0,95.78404235839844
lstm_w60_huber,5,89,141,76.0,72.77325439453125
lstm_w60_huber,5,89,174,43.0,32.500125885009766
lstm_w60_huber,5,89,206,11.0,7.13251256942749
lstm_w60_huber,5,96,84,252.0,129.07803344726562
lstm_w60_huber,5,96,151,185.0,72.29108428955078
lstm_w60_huber,5,96,218,118.0,73.73882293701172
lstm_w60_huber,5,96,269,67.0,57.43597412109375
lstm_w60_huber,5,96,319,17.0,13.522693634033203
lstm_w60_huber,5,98,39,117.0,136.34646606445312
lstm_w60_huber,5,98,70,86.0,99.94381713867188
lstm_w60_huber,5,98,101,55.0,61.09905242919922
lstm_w60_huber,5,98,125,31.0,35.82566452026367
lstm_w60_huber,5,98,148,8.0,9.991744995117188
rf_w60,1,16,52,157.0,102.82666666666667
rf_w60,1,16,94,115.0,93.90333333333334
rf_w60,1,16,136,73.0,90.93333333333334
rf_w60,1,16,167,42.0,73.70333333333333
rf_w60,1,16,199,10.0,49.403333333333336
rf_w60,1,20,58,176.0,118.61333333333333
rf_w60,1,20,105,129.0,91.94
rf_w60,1,20,152,82.0,89.87
rf_w60,1,20,187,47.0,84.17
rf_w60,1,20,222,12.0,63.57666666666667
rf_w60,1,21,49,146.0,124.23
rf_w60,1,21,88,107.0,139.11333333333334
rf_w60,1,21,127,68.0,73.33666666666667
rf_w60,1,21,156,39.0,61.593333333333334
rf_w60,1,21,185,10.0,50.526666666666664
rf_w60,1,29,41,122.0,146.09333333333333
rf_w60,1,29,73,90.0,80.24
rf_w60,1,29,106,57.0,75.80333333333333
rf_w60,1,29,130,33.0,62.42666666666667
rf_w60,1,29,155,8.0,31.303333333333335
rf_w60,1,36,40,118.0,137.16666666666666
rf_w60,1,36,71,87.0,102.48
rf_w60,1,36,103,55.0,71.81333333333333
rf_w60,1,36,126,32.0,51.913333333333334
rf_w60,1,36,150,8.0,32.43
rf_w60,1,40,47,141.0,136.23
rf_w60,1,40,85,103.0,124.92666666666666
rf_w60,1,40,122,66.0,82.01333333333334
rf_w60,1,40,150,38.0,60.89
rf_w60,1,40,179,9.0,50.416666666666664
rf_w60,1,47,54,160.0,157.05
rf_w60,1,47,96,118.0,151.57333333333332
rf_w60,1,47,139,75.0,121.85333333333334
rf_w60,1,47,171,43.0,75.71
rf_w60,1,47,203,11.0,37.95
rf_w60,1,59,58,173.0,156.95
rf_w60,1,59,104,127.0,146.82333333333332
rf_w60,1,59,150,81.0,130.2
rf_w60,1,59,185,46.0,81.37666666666667
rf_w60,1,59,219,12.0,40.48
rf_w60,1,66,50,152.0,135.42666666666668
rf_w60,1,66,91,111.0,104.11
rf_w60,1,66,131,71.0,87.82333333333334
rf_w60,1,66,162,40.0,71.05333333333333
rf_w60,1,66,192,10.0,58.23
rf_w60,1,68,50,149.0,141.01
rf_w60,1,68,90,109.0,102.66666666666667
rf_w60,1,68,129,70.0,81.65
rf_w60,1,68,159,40.0,61.61
rf_w60,1,68,189,10.0,52.973333333333336
rf_w60,1,69,90,272.0,134.72333333333333
rf_w60,1,69,163,199.0,149.51333333333332
rf_w60,1,69,235,127.0,104.06333333333333
rf_w60,1,69,290,72.0,94.76
rf_w60,1,69,344,18.0,62.39
rf_w60,1,72,53,160.0,155.32333333333332
rf_w60,1,72,96,117.0,179.05333333333334
rf_w60,1,72,138,75.0,97.70666666666666
rf_w60,1,72,170,43.0,70.75
rf_w60,1,72,202,11.0,40.27333333333333
rf_w60,1,76,52,158.0,114.82333333333334
rf_w60,1,76,94,116.0,103.98666666666666
rf_w60,1,76,136,74.0,82.87333333333333
rf_w60,1,76,168,42.0,59.61333333333334
rf_w60,1,76,200,10.0,51.6
rf_w60,1,79,50,149.0,152.11666666666667
rf_w60,1,79,90,109.0,145.21666666666667
rf_w60,1,79,129,70.0,129.21
rf_w60,1,79,159,40.0,68.3
rf_w60,1,79,189,10.0,34.91
rf_w60,1,83,73,220.0,145.84666666666666
rf_w60,1,83,132,161.0,146.19666666666666
rf_w60,1,83,190,103.0,129.47
rf_w60,1,83,234,59.0,83.89666666666666
rf_w60,1,83,278,15.0,55.74666666666667
rf_w60,1,86,70,208.0,125.06
rf_w60,1,86,125,153.0,166.39
rf_w60,1,86,181,97.0,93.25666666666666
rf_w60,1,86,222,56.0,81.57
rf_w60,1,86,264,14.0,61.86666666666667
rf_w60,1,95,71,212.0,149.78
rf_w60,1,95,127,156.0,147.27666666666667
rf_w60,1,95,184,99.0,112.08666666666667
rf_w60,1,95,226,57.0,83.66
rf_w60,1,95,269,14.0,60.29666666666667
rf_w60,2,2,72,215.0,181.65333333333334
rf_w60,2,2,129,158.0,140.86
rf_w60,2,2,187,100.0,112.99666666666667
rf_w60,2,2,230,57.0,87.63
rf_w60,2,2,273,14.0,51.57666666666667
rf_w60,2,9,50,151.0,159.43666666666667
rf_w60,2,9,90,111.0,165.70666666666668
rf_w60,2,9,131,70.0,124.31
rf_w60,2,9,161,40.0,72.91
rf_w60,2,9,191,10.0,50.59
rf_w60,2,13,41,122.0,154.96
rf_w60,2,13,73,90.0,117.27666666666667
rf_w60,2,13,106,57.0,94.32
rf_w60,2,13,130,33.0,66.28
rf_w60,2,13,155,8.0,48.04333333333334
rf_w60,2,19,40,118.0,149.51333333333332
rf_w60,2,19,71,87.0,116.02333333333333
rf_w60,2,19,103,55.0,73.06
rf_w60,2,19,126,32.0,56.513333333333335
rf_w60,2,19,150,8.0,28.373333333333335
rf_w60,2,25,58,172.0,131.66333333333333
rf_w60,2,25,104,126.0,112.47333333333333
rf_w60,2,25,150,80.0,106.54333333333334
rf_w60,2,25,184,46.0,84.05666666666667
rf_w60,2,25,218,12.0,63.71333333333333
rf_w60,2,39,32,96.0,153.35333333333332
rf_w60,2,39,58,70.0,120.48333333333333
rf_w60,2,39,83,45.0,70.42
rf_w60,2,39,102,26.0,45.95333333333333
rf_w60,2,39,122,6.0,18.553333333333335
rf_w60,2,43,52,155.0,168.81666666666666
rf_w60,2,43,93,114.0,127.20333333333333
rf_w60,2,43,135,72.0,95.68333333333334
rf_w60,2,43,166,41.0,85.6
rf_w60,2,43,197,10.0,31.56
rf_w60,2,48,58,173.0,169.32333333333332
rf_w60,2,48,104,127.0,144.76666666666668
rf_w60,2,48,150,81.0,121.66666666666667
rf_w60,2,48,185,46.0,113.56666666666666
rf_w60,2,48,219,12.0,59.35
rf_w60,2,51,53,160.0,146.55333333333334
rf_w60,2,51,96,117.0,129.29333333333332
rf_w60,2,51,138,75.0,112.32333333333334
rf_w60,2,51,170,43.0,101.13333333333334
rf_w60,2,51,202,11.0,58.5
rf_w60,2,53,49,146.0,201.70333333333335
rf_w60,2,53,88,107.0,210.51666666666668
rf_w60,2,53,127,68.0,89.69333333333333
rf_w60,2,53,156,39.0,70.96666666666667
rf_w60,2,53,185,10.0,50.163333333333334
rf_w60,2,55,48,145.0,136.11
rf_w60,2,55,87,106.0,115.37333333333333
rf_w60,2,55,125,68.0,94.26333333333334
rf_w60,2,55,154,39.0,73.3
rf_w60,2,55,183,10.0,61.763333333333335
rf_w60,2,57,34,103.0,195.96666666666667
rf_w60,2,57,62,75.0,130.65
rf_w60,2,57,89,48.0,82.06333333333333
rf_w60,2,57,110,27.0,46.89
rf_w60,2,57,130,7.0,20.12
rf_w60,2,60,43,129.0,163.3
rf_w60,2,60,77,95.0,124.22333333333333
rf_w60,2,60,112,60.0,100.18333333333334
rf_w60,2,60,138,34.0,73.60333333333334
rf_w60,2,60,163,9.0,31.166666666666668
rf_w60,2,75,57,172.0,130.47333333333333
rf_w60,2,75,103,126.0,120.75666666666666
rf_w60,2,75,149,80.0,92.82
rf_w60,2,75,183,46.0,78.84333333333333
rf_w60,2,75,218,11.0,60.74333333333333
rf_w60,2,78,58,173.0,165.13
rf_w60,2,78,104,127.0,146.04333333333332
rf_w60,2,78,150,81.0,118.25
rf_w60,2,78,185,46.0,84.68
rf_w60,2,78,219,12.0,35.10666666666667
rf_w60,2,99,46,139.0,184.97333333333333
rf_w60,2,99,83,102.0,155.11333333333334
rf_w60,2,99,120,65.0,90.11666666666666
rf_w60,2,99,148,37.0,72.16333333333333
rf_w60,2,99,176,9.0,29.94
rf_w60,2,100,50,150.0,148.44333333333333
rf_w60,2,100,90,110.0,116.52333333333333
rf_w60,2,100,130,70.0,97.98666666666666
rf_w60,2,100,160,40.0,67.98333333333333
rf_w60,2,100,190,10.0,30.663333333333334
rf_w60,3,3,45,134.0,155.07
rf_w60,3,3,81,98.0,126.62666666666667
rf_w60,3,3,116,63.0,90.79666666666667
rf_w60,3,3,143,36.0,69.23
rf_w60,3,3,170,9.0,32.24333333333333
rf_w60,3,6,47,141.0,129.61
rf_w60,3,6,85,103.0,107.92333333333333
rf_w60,3,6,122,66.0,85.27666666666667
rf_w60,3,6,150,38.0,70.45666666666666
rf_w60,3,6,179,9.0,30.51
rf_w60,3,7,65,194.0,144.94
rf_w60,3,7,117,142.0,109.08333333333333
rf_w60,3,7,168,91.0,105.09333333333333
rf_w60,3,7,207,52.0,98.34333333333333
rf_w60,3,7,246,13.0,77.27
rf_w60,3,8,38,112.0,122.51
rf_w60,3,8,68,82.0,123.1
rf_w60,3,8,98,52.0,88.25
rf_w60,3,8,120,30.0,75.3
rf_w60,3,8,142,8.0,21.233333333333334
rf_w60,3,10,56,166.0,161.69333333333333
rf_w60,3,10,100,122.0,171.01666666666668
rf_w60,3,10,144,78.0,120.35666666666667
rf_w60,3,10,178,44.0,73.8
rf_w60,3,10,211,11.0,32.79
rf_w60,3,17,69,207.0,133.55666666666667
rf_w60,3,17,124,152.0,106.43333333333334
rf_w60,3,17,179,97.0,94.57666666666667
rf_w60,3,17,221,55.0,76.98666666666666
rf_w60,3,17,262,14.0,61.43
rf_w60,3,24,37,110.0,156.35
rf_w60,3,24,66,81.0,167.12
rf_w60,3,24,96,51.0,87.14333333333333
rf_w60,3,24,118,29.0,50.28333333333333
rf_w60,3,24,140,7.0,20.876666666666665
rf_w60,3,26,50,149.0,150.84
rf_w60,3,26,90,109.0,113.81
rf_w60,3,26,129,70.0,80.73666666666666
rf_w60,3,26,159,40.0,57.89333333333333
rf_w60,3,26,189,10.0,56.93666666666667
rf_w60,3,41,54,162.0,175.9
rf_w60,3,41,97,119.0,116.05666666666667
rf_w60,3,41,140,76.0,99.24666666666667
rf_w60,3,41,173,43.0,72.24666666666667
rf_w60,3,41,205,11.0,67.88333333333334
rf_w60,3,45,40,118.0,189.67333333333335
rf_w60,3,45,71,87.0,156.16
rf_w60,3,45,103,55.0,74.74
rf_w60,3,45,126,32.0,59.76
rf_w60,3,45,150,8.0,21.91
rf_w60,3,52,53,160.0,129.07
rf_w60,3,52,96,117.0,117.29666666666667
rf_w60,3,52,138,75.0,97.72
rf_w60,3,52,170,43.0,70.37333333333333
rf_w60,3,52,202,11.0,64.64666666666666
rf_w60,3,56,69,206.0,130.63333333333333
rf_w60,3,56,124,151.0,94.34333333333333
rf_w60,3,56,179,96.0,72.04
rf_w60,3,56,220,55.0,65.72
rf_w60,3,56,261,14.0,51.483333333333334
rf_w60,3,62,45,135.0,159.41333333333333
rf_w60,3,62,81,99.0,118.56
rf_w60,3,62,117,63.0,94.67333333333333
rf_w60,3,62,144,36.0,81.5
rf_w60,3,62,171,9.0,60.67
rf_w60,3,73,53,160.0,146.99666666666667
rf_w60,3,73,96,117.0,105.48666666666666
rf_w60,3,73,138,75.0,84.23666666666666
rf_w60,3,73,170,43.0,76.43
rf_w60,3,73,202,11.0,62.11
rf_w60,3,87,44,134.0,113.63
rf_w60,3,87,80,98.0,99.34333333333333
rf_w60,3,87,116,62.0,86.21333333333334
rf_w60,3,87,142,36.0,79.68333333333334
rf_w60,3,87,169,9.0,30.523333333333333
rf_w60,3,90,38,116.0,156.49666666666667
rf_w60,3,90,69,85.0,123.94666666666667
rf_w60,3,90,100,54.0,83.25
rf_w60,3,90,123,31.0,54.99333333333333
rf_w60,3,90,146,8.0,24.12
rf_w60,3,91,34,101.0,175.12666666666667
rf_w60,3,91,61,74.0,105.15
rf_w60,3,91,88,47.0,73.75666666666666
rf_w60,3,91,108,27.0,55.43333333333333
rf_w60,3,91,128,7.0,19.416666666666668
rf_w60,4,1,48,144.0,141.96
rf_w60,4,1,86,106.0,111.92666666666666
rf_w60,4,1,125,67.0,104.64
rf_w60,4,1,154,38.0,75.43
rf_w60,4,1,182,10.0,25.84
rf_w60,4,11,60,180.0,145.01666666666668
rf_w60,4,11,108,132.0,146.32333333333332
rf_w60,4,11,156,84.0,119.08333333333333
rf_w60,4,11,192,48.0,98.75
rf_w60,4,11,228,12.0,50.38333333333333
rf_w60,4,23,42,126.0,150.87666666666667
rf_w60,4,23,76,92.0,119.62333333333333
rf_w60,4,23,109,59.0,114.72333333333333
rf_w60,4,23,134,34.0,68.98333333333333
rf_w60,4,23,160,8.0,27.19333333333333
rf_w60,4,28,41,124.0,156.83666666666667
rf_w60,4,28,74,91.0,175.81333333333333
rf_w60,4,28,107,58.0,122.28
rf_w60,4,28,132,33.0,75.82666666666667
rf_w60,4,28,157,8.0,25.4
rf_w60,4,44,48,144.0,189.44666666666666
rf_w60,4,44,86,106.0,126.76
rf_w60,4,44,125,67.0,106.54666666666667
rf_w60,4,44,154,38.0,75.21
rf_w60,4,44,182,10.0,23.9
rf_w60,4,54,64,193.0,139.61
rf_w60,4,54,116,141.0,154.25333333333333
rf_w60,4,54,167,90.0,123.72333333333333
rf_w60,4,54,206,51.0,102.72
rf_w60,4,54,244,13.0,61.74666666666667
rf_w60,4,58,37,110.0,163.94666666666666
rf_w60,4,58,66,81.0,123.18333333333334
rf_w60,4,58,96,51.0,98.64333333333333
rf_w60,4,58,118,29.0,54.24
rf_w60,4,58,140,7.0,23.48
rf_w60,4,61,46,139.0,197.91
rf_w60,4,61,83,102.0,163.67
rf_w60,4,61,120,65.0,121.78333333333333
rf_w60,4,61,148,37.0,66.05
rf_w60,4,61,176,9.0,27.68
rf_w60,4,63,44,130.0,157.96666666666667
rf_w60,4,63,78,96.0,119.31333333333333
rf_w60,4,63,113,61.0,104.8
rf_w60,4,63,139,35.0,59.61
rf_w60,4,63,165,9.0,45.99333333333333
rf_w60,4,65,38,115.0,168.83
rf_w60,4,65,69,84.0,114.58666666666667
rf_w60,4,65,99,54.0,99.01666666666667
rf_w60,4,65,122,31.0,69.50666666666666
rf_w60,4,65,145,8.0,27.216666666666665
rf_w60,4,67,78,235.0,115.96333333333334
rf_w60,4,67,141,172.0,153.37
rf_w60,4,67,203,110.0,105.50333333333333
rf_w60,4,67,250,63.0,102.46666666666667
rf_w60,4,67,297,16.0,79.7
rf_w60,4,70,34,103.0,142.8
rf_w60,4,70,62,75.0,116.29
rf_w60,4,70,89,48.0,108.26666666666667
rf_w60,4,70,110,27.0,54.343333333333334
rf_w60,4,70,130,7.0,20.226666666666667
rf_w60,4,71,52,156.0,124.48666666666666
rf_w60,4,71,94,114.0,118.35
rf_w60,4,71,135,73.0,108.7
rf_w60,4,71,166,42.0,59.36666666666667
rf_w60,4,71,198,10.0,58.013333333333335
rf_w60,4,82,54,160.0,163.23
rf_w60,4,82,96,118.0,156.03
rf_w60,4,82,139,75.0,112.52
rf_w60,4,82,171,43.0,67.17333333333333
rf_w60,4,82,203,11.0,41.67333333333333
rf_w60,4,85,47,141.0,183.26333333333332
rf_w60,4,85,85,103.0,122.77666666666667
rf_w60,4,85,122,66.0,102.36333333333333
rf_w60,4,85,150,38.0,73.91
rf_w60,4,85,179,9.0,29.67
rf_w60,4,92,85,256.0,122.08333333333333
rf_w60,4,92,153,188.0,154.36
rf_w60,4,92,222,119.0,143.47666666666666
rf_w60,4,92,273,68.0,104.71666666666667
rf_w60,4,92,324,17.0,79.40333333333334
rf_w60,4,94,64,194.0,123.26333333333334
rf_w60,4,94,116,142.0,112.68
rf_w60,4,94,168,90.0,105.29
rf_w60,4,94,206,52.0,72.87666666666667
rf_w60,4,94,245,13.0,56.36
rf_w60,5,4,47,142.0,137.51
rf_w60,5,4,85,104.0,139.18
rf_w60,5,4,123,66.0,110.28666666666666
rf_w60,5,4,151,38.0,65.49
rf_w60,5,4,180,9.0,54.973333333333336
rf_w60,5,5,67,202.0,150.40333333333334
rf_w60,5,5,121,148.0,142.07666666666665
rf_w60,5,5,175,94.0,118.15
rf_w60,5,5,215,54.0,95.06666666666666
rf_w60,5,5,256,13.0,61.806666666666665
rf_w60,5,12,42,128.0,180.96
rf_w60,5,12,76,94.0,126.83666666666667
rf_w60,5,12,110,60.0,91.73333333333333
rf_w60,5,12,136,34.0,59.46666666666667
rf_w60,5,12,162,8.0,26.086666666666666
rf_w60,5,14,45,135.0,137.14666666666668
rf_w60,5,14,81,99.0,124.71333333333334
rf_w60,5,14,117,63.0,92.60333333333334
rf_w60,5,14,144,36.0,70.21
rf_w60,5,14,171,9.0,31.383333333333333
rf_w60,5,15,52,155.0,151.19666666666666
rf_w60,5,15,93,114.0,136.98666666666668
rf_w60,5,15,135,72.0,104.84
rf_w60,5,15,166,41.0,71.88
rf_w60,5,15,197,10.0,26.313333333333333
rf_w60,5,18,49,146.0,146.56666666666666
rf_w60,5,18,88,107.0,135.04666666666665
rf_w60,5,18,127,68.0,98.75
rf_w60,5,18,156,39.0,63.96
rf_w60,5,18,185,10.0,55.03
rf_w60,5,30,48,146.0,158.91666666666666
rf_w60,5,30,87,107.0,160.78666666666666
rf_w60,5,30,126,68.0,122.21666666666667
rf_w60,5,30,155,39.0,80.51333333333334
rf_w60,5,30,184,10.0,29.256666666666668
rf_w60,5,32,48,143.0,172.16666666666666
rf_w60,5,32,86,105.0,135.58
rf_w60,5,32,124,67.0,93.9
rf_w60,5,32,153,38.0,80.18666666666667
rf_w60,5,32,181,10.0,41.70333333333333
rf_w60,5,35,45,136.0,129.57666666666665
rf_w60,5,35,81,100.0,123.55333333333333
rf_w60,5,35,118,63.0,102.51666666666667
rf_w60,5,35,145,36.0,73.06333333333333
rf_w60,5,35,172,9.0,25.81
rf_w60,5,37,42,128.0,145.41
rf_w60,5,37,76,94.0,110.20333333333333
rf_w60,5,37,110,60.0,84.01333333333334
rf_w60,5,37,136,34.0,60.836666666666666
rf_w60,5,37,162,8.0,25.35333333333333
rf_w60,5,42,49,147.0,160.11333333333334
rf_w60,5,42,88,108.0,174.74333333333334
rf_w60,5,42,127,69.0,103.30666666666667
rf_w60,5,42,157,39.0,74.79666666666667
rf_w60,5,42,186,10.0,29.34
rf_w60,5,64,71,212.0,117.14333333333333
rf_w60,5,64,127,156.0,144.36
rf_w60,5,64,184,99.0,118.36
rf_w60,5,64,226,57.0,98.28333333333333
rf_w60,5,64,269,14.0,77.75
rf_w60,5,74,42,124.0,174.67666666666668
rf_w60,5,74,75,91.0,172.93666666666667
rf_w60,5,74,108,58.0,109.99666666666667
rf_w60,5,74,133,33.0,67.30666666666667
rf_w60,5,74,158,8.0,27.11
rf_w60,5,80,46,139.0,145.22333333333333
rf_w60,5,80,83,102.0,142.22666666666666
rf_w60,5,80,120,65.0,108.51
rf_w60,5,80,148,37.0,61.516666666666666
rf_w60,5,80,176,9.0,60.07666666666667
rf_w60,5,89,54,163.0,140.32333333333332
rf_w60,5,89,98,119.0,124.86333333333333
rf_w60,5,89,141,76.0,116.36333333333333
rf_w60,5,89,174,43.0,84.27333333333333
rf_w60,5,89,206,11.0,27.263333333333332
rf_w60,5,96,84,252.0,166.78
rf_w60,5,96,151,185.0,113.50666666666666
rf_w60,5,96,218,118.0,127.10666666666667
rf_w60,5,96,269,67.0,112.61
rf_w60,5,96,319,17.0,84.25333333333333
rf_w60,5,98,39,117.0,177.41
rf_w60,5,98,70,86.0,95.99333333333334
rf_w60,5,98,101,55.0,71.92666666666666
rf_w60,5,98,125,31.0,54.47666666666667
rf_w60,5,98,148,8.0,22.423333333333332
rf_w90,1,16,52,157.0,104.79666666666667
rf_w90,1,16,94,115.0,102.57
rf_w90,1,16,136,73.0,71.55
rf_w90,1,16,167,42.0,62.526666666666664
rf_w90,1,16,199,10.0,50.70666666666666
rf_w90,1,20,58,176.0,116.63
rf_w90,1,20,105,129.0,106.15333333333334
rf_w90,1,20,152,82.0,89.59
rf_w90,1,20,187,47.0,73.33666666666667
rf_w90,1,20,222,12.0,54.266666666666666
rf_w90,1,21,49,146.0,125.66333333333333
rf_w90,1,21,88,107.0,125.34666666666666
rf_w90,1,21,127,68.0,76.74
rf_w90,1,21,156,39.0,57.64
rf_w90,1,21,185,10.0,36.18
rf_w90,1,29,41,122.0,148.71666666666667
rf_w90,1,29,73,90.0,81.24333333333334
rf_w90,1,29,106,57.0,61.64333333333333
rf_w90,1,29,130,33.0,47.03333333333333
rf_w90,1,29,155,8.0,13.006666666666666
rf_w90,1,36,40,118.0,136.07333333333332
rf_w90,1,36,71,87.0,105.27
rf_w90,1,36,103,55.0,57.78
rf_w90,1,36,126,32.0,39.71
rf_w90,1,36,150,8.0,29.79
rf_w90,1,40,47,141.0,151.63
rf_w90,1,40,85,103.0,115.47666666666667
rf_w90,1,40,122,66.0,77.58
rf_w90,1,40,150,38.0,52.123333333333335
rf_w90,1,40,179,9.0,34.05
rf_w90,1,47,54,160.0,168.43333333333334
rf_w90,1,47,96,118.0,139.01333333333332
rf_w90,1,47,139,75.0,100.83333333333333
rf_w90,1,47,171,43.0,56.516666666666666
rf_w90,1,47,203,11.0,37.46333333333333
rf_w90,1,59,58,173.0,156.81666666666666
rf_w90,1,59,104,127.0,118.99
rf_w90,1,59,150,81.0,110.80333333333333
rf_w90,1,59,185,46.0,66.53333333333333
rf_w90,1,59,219,12.0,40.56333333333333
rf_w90,1,66,50,152.0,158.21
rf_w90,1,66,91,111.0,109.10333333333334
rf_w90,1,66,131,71.0,74.47666666666667
rf_w90,1,66,162,40.0,64.91
rf_w90,1,66,192,10.0,43.99333333333333
rf_w90,1,68,50,149.0,143.25333333333333
rf_w90,1,68,90,109.0,109.57
rf_w90,1,68,129,70.0,78.65
rf_w90,1,68,159,40.0,61.31666666666667
rf_w90,1,68,189,10.0,37.973333333333336
rf_w90,1,69,90,272.0,153.6
rf_w90,1,69,163,199.0,175.44333333333333
rf_w90,1,69,235,127.0,100.38333333333334
rf_w90,1,69,290,72.0,81.30333333333333
rf_w90,1,69,344,18.0,71.59
rf_w90,1,72,53,160.0,156.83666666666667
rf_w90,1,72,96,117.0,158.31
rf_w90,1,72,138,75.0,79.65
rf_w90,1,72,170,43.0,56.99666666666667
rf_w90,1,72,202,11.0,45.63666666666666
rf_w90,1,76,52,158.0,119.42
rf_w90,1,76,94,116.0,114.80666666666667
rf_w90,1,76,136,74.0,91.18
rf_w90,1,76,168,42.0,67.11333333333333
rf_w90,1,76,200,10.0,46.43333333333333
rf_w90,1,79,50,149.0,160.29
rf_w90,1,79,90,109.0,139.61333333333334
rf_w90,1,79,129,70.0,101.02
rf_w90,1,79,159,40.0,53.95666666666666
rf_w90,1,79,189,10.0,18.68
rf_w90,1,83,73,220.0,169.31333333333333
rf_w90,1,83,132,161.0,157.46666666666667
rf_w90,1,83,190,103.0,113.48333333333333
rf_w90,1,83,234,59.0,83.67666666666666
rf_w90,1,83,278,15.0,50.67
rf_w90,1,86,70,208.0,125.50333333333333
rf_w90,1,86,125,153.0,167.99
rf_w90,1,86,181,97.0,94.11666666666666
rf_w90,1,86,222,56.0,73.01666666666667
rf_w90,1,86,264,14.0,56.526666666666664
rf_w90,1,95,71,212.0,146.13333333333333
rf_w90,1,95,127,156.0,146.67666666666668
rf_w90,1,95,184,99.0,117.66
rf_w90,1,95,226,57.0,77.36333333333333
rf_w90,1,95,269,14.0,53.99
rf_w90,2,2,72,215.0,172.24
rf_w90,2,2,129,158.0,147.15
rf_w90,2,2,187,100.0,118.46333333333334
rf_w90,2,2,230,57.0,84.96333333333334
rf_w90,2,2,273,14.0,33.306666666666665
rf_w90,2,9,50,151.0,165.37666666666667
rf_w90,2,9,90,111.0,156.65
rf_w90,2,9,131,70.0,103.37333333333333
rf_w90,2,9,161,40.0,94.44333333333333
rf_w90,2,9,191,10.0,27.85333333333333
rf_w90,2,13,41,122.0,156.82333333333332
rf_w90,2,13,73,90.0,124.58666666666667
rf_w90,2,13,106,57.0,80.80333333333333
rf_w90,2,13,130,33.0,54.99666666666667
rf_w90,2,13,155,8.0,24.893333333333334
rf_w90,2,19,40,118.0,150.51666666666668
rf_w90,2,19,71,87.0,113.83
rf_w90,2,19,103,55.0,66.21333333333334
rf_w90,2,19,126,32.0,40.166666666666664
rf_w90,2,19,150,8.0,24.46
rf_w90,2,25,58,172.0,136.50666666666666
rf_w90,2,25,104,126.0,124.96666666666667
rf_w90,2,25,150,80.0,92.03333333333333
rf_w90,2,25,184,46.0,73.34
rf_w90,2,25,218,12.0,30.34
rf_w90,2,39,32,96.0,153.78333333333333
rf_w90,2,39,58,70.0,128.50333333333333
rf_w90,2,39,83,45.0,56.416666666666664
rf_w90,2,39,102,26.0,37.85666666666667
rf_w90,2,39,122,6.0,13.466666666666667
rf_w90,2,43,52,155.0,164.20666666666668
rf_w90,2,43,93,114.0,127.64666666666666
rf_w90,2,43,135,72.0,104.43333333333334
rf_w90,2,43,166,41.0,60.163333333333334
rf_w90,2,43,197,10.0,23.403333333333332
rf_w90,2,48,58,173.0,164.4
rf_w90,2,48,104,127.0,141.54
rf_w90,2,48,150,81.0,131.02666666666667
rf_w90,2,48,185,46.0,96.82666666666667
rf_w90,2,48,219,12.0,36.72666666666667
rf_w90,2,51,53,160.0,159.52666666666667
rf_w90,2,51,96,117.0,132.36666666666667
rf_w90,2,51,138,75.0,109.26
rf_w90,2,51,170,43.0,87.52
rf_w90,2,51,202,11.0,38.39666666666667
rf_w90,2,53,49,146.0,196.01333333333332
rf_w90,2,53,88,107.0,124.56
rf_w90,2,53,127,68.0,86.58333333333333
rf_w90,2,53,156,39.0,54.623333333333335
rf_w90,2,53,185,10.0,26.636666666666667
rf_w90,2,55,48,145.0,141.89666666666668
rf_w90,2,55,87,106.0,112.79
rf_w90,2,55,125,68.0,80.18
rf_w90,2,55,154,39.0,84.83
rf_w90,2,55,183,10.0,38.54
rf_w90,2,57,34,103.0,196.23333333333332
rf_w90,2,57,62,75.0,128.78666666666666
rf_w90,2,57,89,48.0,63.696666666666665
rf_w90,2,57,110,27.0,37.86
rf_w90,2,57,130,7.0,15.9
rf_w90,2,60,43,129.0,163.86666666666667
rf_w90,2,60,77,95.0,150.27333333333334
rf_w90,2,60,112,60.0,89.69666666666667
rf_w90,2,60,138,34.0,55.70666666666666
rf_w90,2,60,163,9.0,24.126666666666665
rf_w90,2,75,57,172.0,131.81666666666666
rf_w90,2,75,103,126.0,116.99
rf_w90,2,75,149,80.0,88.75333333333333
rf_w90,2,75,183,46.0,53.02
rf_w90,2,75,218,11.0,38.08
rf_w90,2,78,58,173.0,174.20333333333335
rf_w90,2,78,104,127.0,104.00333333333333
rf_w90,2,78,150,81.0,92.23333333333333
rf_w90,2,78,185,46.0,72.92
rf_w90,2,78,219,12.0,29.09
rf_w90,2,99,46,139.0,196.06666666666666
rf_w90,2,99,83,102.0,165.1
rf_w90,2,99,120,65.0,95.43666666666667
rf_w90,2,99,148,37.0,53.54
rf_w90,2,99,176,9.0,19.04
rf_w90,2,100,50,150.0,176.25
rf_w90,2,100,90,110.0,126.01
rf_w90,2,100,130,70.0,100.53333333333333
rf_w90,2,100,160,40.0,48.29
rf_w90,2,100,190,10.0,27.08
rf_w90,3,3,45,134.0,146.37
rf_w90,3,3,81,98.0,116.23
rf_w90,3,3,116,63.0,80.04333333333334
rf_w90,3,3,143,36.0,49.56
rf_w90,3,3,170,9.0,18.52
rf_w90,3,6,47,141.0,130.46666666666667
rf_w90,3,6,85,103.0,94.27
rf_w90,3,6,122,66.0,77.37666666666667
rf_w90,3,6,150,38.0,45.5
rf_w90,3,6,179,9.0,17.2
rf_w90,3,7,65,194.0,139.56333333333333
rf_w90,3,7,117,142.0,134.82
rf_w90,3,7,168,91.0,105.51
rf_w90,3,7,207,52.0,50.88333333333333
rf_w90,3,7,246,13.0,25.886666666666667
rf_w90,3,8,38,112.0,132.84
rf_w90,3,8,68,82.0,120.27666666666667
rf_w90,3,8,98,52.0,78.48
rf_w90,3,8,120,30.0,44.43
rf_w90,3,8,142,8.0,17.69
rf_w90,3,10,56,166.0,153.75333333333333
rf_w90,3,10,100,122.0,133.55333333333334
rf_w90,3,10,144,78.0,107.03333333333333
rf_w90,3,10,178,44.0,45.123333333333335
rf_w90,3,10,211,11.0,24.06
rf_w90,3,17,69,207.0,137.92666666666668
rf_w90,3,17,124,152.0,143.84
rf_w90,3,17,179,97.0,101.03333333333333
rf_w90,3,17,221,55.0,76.03333333333333
rf_w90,3,17,262,14.0,28.553333333333335
rf_w90,3,24,37,110.0,157.81333333333333
rf_w90,3,24,66,81.0,212.96333333333334
rf_w90,3,24,96,51.0,92.26666666666667
rf_w90,3,24,118,29.0,35.95333333333333
rf_w90,3,24,140,7.0,14.973333333333333
rf_w90,3,26,50,149.0,147.92333333333335
rf_w90,3,26,90,109.0,91.74
rf_w90,3,26,129,70.0,83.77333333333333
rf_w90,3,26,159,40.0,58.21666666666667
rf_w90,3,26,189,10.0,22.60333333333333
rf_w90,3,41,54,162.0,202.39666666666668
rf_w90,3,41,97,119.0,159.44666666666666
rf_w90,3,41,140,76.0,88.32666666666667
rf_w90,3,41,173,43.0,53.83
rf_w90,3,41,205,11.0,20.973333333333333
rf_w90,3,45,40,118.0,208.08333333333334
rf_w90,3,45,71,87.0,193.68666666666667
rf_w90,3,45,103,55.0,75.54666666666667
rf_w90,3,45,126,32.0,41.58
rf_w90,3,45,150,8.0,14.2
rf_w90,3,52,53,160.0,126.74666666666667
rf_w90,3,52,96,117.0,116.04333333333334
rf_w90,3,52,138,75.0,88.07333333333334
rf_w90,3,52,170,43.0,58.25666666666667
rf_w90,3,52,202,11.0,17.666666666666668
rf_w90,3,56,69,206.0,132.97666666666666
rf_w90,3,56,124,151.0,118.61333333333333
rf_w90,3,56,179,96.0,92.85333333333334
rf_w90,3,56,220,55.0,76.35
rf_w90,3,56,261,14.0,61.56333333333333
rf_w90,3,62,45,135.0,157.19666666666666
rf_w90,3,62,81,99.0,118.25666666666666
rf_w90,3,62,117,63.0,88.64333333333333
rf_w90,3,62,144,36.0,64.67333333333333
rf_w90,3,62,171,9.0,19.886666666666667
rf_w90,3,73,53,160.0,144.41666666666666
rf_w90,3,73,96,117.0,122.27333333333333
rf_w90,3,73,138,75.0,100.74333333333334
rf_w90,3,73,170,43.0,61.513333333333335
rf_w90,3,73,202,11.0,19.61
rf_w90,3,87,44,134.0,117.23333333333333
rf_w90,3,87,80,98.0,86.58
rf_w90,3,87,116,62.0,79.72666666666667
rf_w90,3,87,142,36.0,43.03333333333333
rf_w90,3,87,169,9.0,20.616666666666667
rf_w90,3,90,38,116.0,156.46
rf_w90,3,90,69,85.0,114.08666666666667
rf_w90,3,90,100,54.0,60.57666666666667
rf_w90,3,90,123,31.0,36.233333333333334
rf_w90,3,90,146,8.0,18.016666666666666
rf_w90,3,91,34,101.0,161.95
rf_w90,3,91,61,74.0,122.22666666666667
rf_w90,3,91,88,47.0,88.27666666666667
rf_w90,3,91,108,27.0,41.96333333333333
rf_w90,3,91,128,7.0,14.64
rf_w90,4,1,48,144.0,147.46
rf_w90,4,1,86,106.0,111.98
rf_w90,4,1,125,67.0,94.58666666666667
rf_w90,4,1,154,38.0,53.24666666666667
rf_w90,4,1,182,10.0,25.17
rf_w90,4,11,60,180.0,157.10666666666665
rf_w90,4,11,108,132.0,165.77
rf_w90,4,11,156,84.0,98.06
rf_w90,4,11,192,48.0,63.42666666666667
rf_w90,4,11,228,12.0,31.83
rf_w90,4,23,42,126.0,152.00333333333333
rf_w90,4,23,76,92.0,102.26666666666667
rf_w90,4,23,109,59.0,93.81666666666666
rf_w90,4,23,134,34.0,48.93
rf_w90,4,23,160,8.0,26.06
rf_w90,4,28,41,124.0,162.28666666666666
rf_w90,4,28,74,91.0,160.24333333333334
rf_w90,4,28,107,58.0,83.76
rf_w90,4,28,132,33.0,52.99
rf_w90,4,28,157,8.0,15.913333333333334
rf_w90,4,44,48,144.0,166.07666666666665
rf_w90,4,44,86,106.0,123.12666666666667
rf_w90,4,44,125,67.0,102.23333333333333
rf_w90,4,44,154,38.0,56.81333333333333
rf_w90,4,44,182,10.0,25.913333333333334
rf_w90,4,54,64,193.0,152.78333333333333
rf_w90,4,54,116,141.0,150.31666666666666
rf_w90,4,54,167,90.0,102.37666666666667
rf_w90,4,54,206,51.0,65.37666666666667
rf_w90,4,54,244,13.0,31.783333333333335
rf_w90,4,58,37,110.0,162.73333333333332
rf_w90,4,58,66,81.0,118.91333333333333
rf_w90,4,58,96,51.0,71.67333333333333
rf_w90,4,58,118,29.0,41.29333333333334
rf_w90,4,58,140,7.0,15.126666666666667
rf_w90,4,61,46,139.0,200.43666666666667
rf_w90,4,61,83,102.0,148.26666666666668
rf_w90,4,61,120,65.0,91.92
rf_w90,4,61,148,37.0,55.22666666666667
rf_w90,4,61,176,9.0,15.263333333333334
rf_w90,4,63,44,130.0,158.81
rf_w90,4,63,78,96.0,122.49333333333334
rf_w90,4,63,113,61.0,75.15666666666667
rf_w90,4,63,139,35.0,51.27
rf_w90,4,63,165,9.0,26.966666666666665
rf_w90,4,65,38,115.0,168.71333333333334
rf_w90,4,65,69,84.0,115.11666666666666
rf_w90,4,65,99,54.0,86.91666666666667
rf_w90,4,65,122,31.0,50.81
rf_w90,4,65,145,8.0,15.286666666666667
rf_w90,4,67,78,235.0,117.02333333333333
rf_w90,4,67,141,172.0,167.35333333333332
rf_w90,4,67,203,110.0,126.82333333333334
rf_w90,4,67,250,63.0,114.21333333333334
rf_w90,4,67,297,16.0,69.70333333333333
rf_w90,4,70,34,103.0,143.52333333333334
rf_w90,4,70,62,75.0,132.28333333333333
rf_w90,4,70,89,48.0,105.23
rf_w90,4,70,110,27.0,45.35666666666667
rf_w90,4,70,130,7.0,14.723333333333333
rf_w90,4,71,52,156.0,123.04
rf_w90,4,71,94,114.0,106.75333333333333
rf_w90,4,71,135,73.0,78.11666666666666
rf_w90,4,71,166,42.0,57.053333333333335
rf_w90,4,71,198,10.0,37.32666666666667
rf_w90,4,82,54,160.0,162.85333333333332
rf_w90,4,82,96,118.0,135.73333333333332
rf_w90,4,82,139,75.0,90.07
rf_w90,4,82,171,43.0,57.85666666666667
rf_w90,4,82,203,11.0,28.18
rf_w90,4,85,47,141.0,181.89
rf_w90,4,85,85,103.0,114.70666666666666
rf_w90,4,85,122,66.0,75.74666666666667
rf_w90,4,85,150,38.0,59.03333333333333
rf_w90,4,85,179,9.0,29.983333333333334
rf_w90,4,92,85,256.0,125.66
rf_w90,4,92,153,188.0,172.2
rf_w90,4,92,222,119.0,153.25666666666666
rf_w90,4,92,273,68.0,88.15
rf_w90,4,92,324,17.0,59.06333333333333
rf_w90,4,94,64,194.0,120.70666666666666
rf_w90,4,94,116,142.0,115.68333333333334
rf_w90,4,94,168,90.0,87.54
rf_w90,4,94,206,52.0,65.39666666666666
rf_w90,4,94,245,13.0,57.5
rf_w90,5,4,47,142.0,136.03666666666666
rf_w90,5,4,85,104.0,118.66333333333333
rf_w90,5,4,123,66.0,84.39
rf_w90,5,4,151,38.0,62.07666666666667
rf_w90,5,4,180,9.0,32.81666666666667
rf_w90,5,5,67,202.0,146.55333333333334
rf_w90,5,5,121,148.0,125.85333333333334
rf_w90,5,5,175,94.0,100.08333333333333
rf_w90,5,5,215,54.0,67.28333333333333
rf_w90,5,5,256,13.0,39.97666666666667
rf_w90,5,12,42,128.0,182.13666666666666
rf_w90,5,12,76,94.0,120.47
rf_w90,5,12,110,60.0,84.00666666666666
rf_w90,5,12,136,34.0,44.74666666666667
rf_w90,5,12,162,8.0,29.596666666666668
rf_w90,5,14,45,135.0,138.65333333333334
rf_w90,5,14,81,99.0,109.82
rf_w90,5,14,117,63.0,77.29333333333334
rf_w90,5,14,144,36.0,50.02333333333333
rf_w90,5,14,171,9.0,32.85333333333333
rf_w90,5,15,52,155.0,148.26
rf_w90,5,15,93,114.0,122.61666666666666
rf_w90,5,15,135,72.0,92.21666666666667
rf_w90,5,15,166,41.0,59.98
rf_w90,5,15,197,10.0,19.976666666666667
rf_w90,5,18,49,146.0,185.23333333333332
rf_w90,5,18,88,107.0,125.96333333333334
rf_w90,5,18,127,68.0,87.77
rf_w90,5,18,156,39.0,63.526666666666664
rf_w90,5,18,185,10.0,32.093333333333334
rf_w90,5,30,48,146.0,146.95
rf_w90,5,30,87,107.0,137.69666666666666
rf_w90,5,30,126,68.0,111.52333333333333
rf_w90,5,30,155,39.0,59.98
rf_w90,5,30,184,10.0,21.44333333333333
rf_w90,5,32,48,143.0,183.04
rf_w90,5,32,86,105.0,132.38
rf_w90,5,32,124,67.0,79.53333333333333
rf_w90,5,32,153,38.0,59.89
rf_w90,5,32,181,10.0,37.00666666666667
rf_w90,5,35,45,136.0,139.62333333333333
rf_w90,5,35,81,100.0,108.16333333333333
rf_w90,5,35,118,63.0,75.33666666666667
rf_w90,5,35,145,36.0,50.263333333333335
rf_w90,5,35,172,9.0,25.93
rf_w90,5,37,42,128.0,145.82
rf_w90,5,37,76,94.0,99.06333333333333
rf_w90,5,37,110,60.0,67.31666666666666
rf_w90,5,37,136,34.0,46.836666666666666
rf_w90,5,37,162,8.0,24.92
rf_w90,5,42,49,147.0,129.15
rf_w90,5,42,88,108.0,148.01666666666668
rf_w90,5,42,127,69.0,74.56
rf_w90,5,42,157,39.0,56.47
rf_w90,5,42,186,10.0,31.05666666666667
rf_w90,5,64,71,212.0,115.75
rf_w90,5,64,127,156.0,145.64666666666668
rf_w90,5,64,184,99.0,114.93
rf_w90,5,64,226,57.0,71.27666666666667
rf_w90,5,64,269,14.0,53.22
rf_w90,5,74,42,124.0,178.42666666666668
rf_w90,5,74,75,91.0,140.00666666666666
rf_w90,5,74,108,58.0,86.51
rf_w90,5,74,133,33.0,51.47
rf_w90,5,74,158,8.0,19.073333333333334
rf_w90,5,80,46,139.0,147.6
rf_w90,5,80,83,102.0,121.63333333333334
rf_w90,5,80,120,65.0,92.86333333333333
rf_w90,5,80,148,37.0,70.02666666666667
rf_w90,5,80,176,9.0,41.63
rf_w90,5,89,54,163.0,150.0
rf_w90,5,89,98,119.0,115.88333333333334
rf_w90,5,89,141,76.0,102.88
rf_w90,5,89,174,43.0,64.64
rf_w90,5,89,206,11.0,34.626666666666665
rf_w90,5,96,84,252.0,119.17
rf_w90,5,96,151,185.0,158.19
rf_w90,5,96,218,118.0,125.34666666666666
rf_w90,5,96,269,67.0,82.20333333333333
rf_w90,5,96,319,17.0,62.60333333333333
rf_w90,5,98,39,117.0,177.33
rf_w90,5,98,70,86.0,81.01333333333334
rf_w90,5,98,101,55.0,64.78333333333333
rf_w90,5,98,125,31.0,33.95666666666666
rf_w90,5,98,148,8.0,13.28
xgb_w60_d6,1,16,52,157.0,98.57090759277344
xgb_w60_d6,1,16,94,115.0,92.28278350830078
xgb_w60_d6,1,16,136,73.0,87.10112762451172
xgb_w60_d6,1,16,167,42.0,80.89623260498047
xgb_w60_d6,1,16,199,10.0,54.98609161376953
xgb_w60_d6,1,20,58,176.0,123.68203735351562
xgb_w60_d6,1,20,105,129.0,119.5881576538086
xgb_w60_d6,1,20,152,82.0,96.18563842773438
xgb_w60_d6,1,20,187,47.0,77.48982238769531
xgb_w60_d6,1,20,222,12.0,62.22191619873047
xgb_w60_d6,1,21,49,146.0,121.5828628540039
xgb_w60_d6,1,21,88,107.0,137.82456970214844
xgb_w60_d6,1,21,127,68.0,81.24319458007812
xgb_w60_d6,1,21,156,39.0,64.128173828125
xgb_w60_d6,1,21,185,10.0,52.73173522949219
xgb_w60_d6,1,29,41,122.0,134.91575622558594
xgb_w60_d6,1,29,73,90.0,98.71566772460938
xgb_w60_d6,1,29,106,57.0,74.8759536743164
xgb_w60_d6,1,29,130,33.0,58.185218811035156
xgb_w60_d6,1,29,155,8.0,30.821508407592773
xgb_w60_d6,1,36,40,118.0,153.39698791503906
xgb_w60_d6,1,36,71,87.0,104.88795471191406
xgb_w60_d6,1,36,103,55.0,68.10749816894531
xgb_w60_d6,1,36,126,32.0,50.12803268432617
xgb_w60_d6,1,36,150,8.0,30.541223526000977
xgb_w60_d6,1,40,47,141.0,147.0857391357422
xgb_w60_d6,1,40,85,103.0,113.56751251220703
xgb_w60_d6,1,40,122,66.0,80.51347351074219
xgb_w60_d6,1,40,150,38.0,60.84590148925781
xgb_w60_d6,1,40,179,9.0,50.99469757080078
xgb_w60_d6,1,47,54,160.0,166.40045166015625
xgb_w60_d6,1,47,96,118.0,148.01986694335938
xgb_w60_d6,1,47,139,75.0,110.67140197753906
xgb_w60_d6,1,47,171,43.0,69.23577117919922
xgb_w60_d6,1,47,203,11.0,38.694252014160156
xgb_w60_d6,1,59,58,173.0,150.2185821533203
xgb_w60_d6,1,59,104,127.0,125.80669403076172
xgb_w60_d6,1,59,150,81.0,122.87390899658203
xgb_w60_d6,1,59,185,46.0,80.21253967285156
xgb_w60_d6,1,59,219,12.0,44.23074722290039
xgb_w60_d6,1,66,50,152.0,140.60227966308594
xgb_w60_d6,1,66,91,111.0,105.04252624511719
xgb_w60_d6,1,66,131,71.0,83.31674194335938
xgb_w60_d6,1,66,162,40.0,72.5286865234375
xgb_w60_d6,1,66,192,10.0,58.23832321166992
xgb_w60_d6,1,68,50,149.0,141.43960571289062
xgb_w60_d6,1,68,90,109.0,115.51225280761719
xgb_w60_d6,1,68,129,70.0,70.97538757324219
xgb_w60_d6,1,68,159,40.0,56.72631072998047
xgb_w60_d6,1,68,189,10.0,48.43278503417969
xgb_w60_d6,1,69,90,272.0,153.46214294433594
xgb_w60_d6,1,69,163,199.0,154.98043823242188
xgb_w60_d6,1,69,235,127.0,120.23414611816406
xgb_w60_d6,1,69,290,72.0,99.20321655273438
xgb_w60_d6,1,69,344,18.0,72.27497100830078
xgb_w60_d6,1,72,53,160.0,166.23350524902344
xgb_w60_d6,1,72,96,117.0,165.46026611328125
xgb_w60_d6,1,72,138,75.0,107.83978271484375
xgb_w60_d6,1,72,170,43.0,68.71971130371094
xgb_w60_d6,1,72,202,11.0,39.29547882080078
xgb_w60_d6,1,76,52,158.0,130.59725952148438
xgb_w60_d6,1,76,94,116.0,106.90983581542969
xgb_w60_d6,1,76,136,74.0,84.4765396118164
xgb_w60_d6,1,76,168,42.0,65.29862976074219
xgb_w60_d6,1,76,200,10.0,54.9569091796875
xgb_w60_d6,1,79,50,149.0,157.00640869140625
xgb_w60_d6,1,79,90,109.0,142.0000457763672
xgb_w60_d6,1,79,129,70.0,105.5294418334961
xgb_w60_d6,1,79,159,40.0,67.13456726074219
xgb_w60_d6,1,79,189,10.0,34.33924102783203
xgb_w60_d6,1,83,73,220.0,162.67422485351562
xgb_w60_d6,1,83,132,161.0,154.38385009765625
xgb_w60_d6,1,83,190,103.0,132.68264770507812
xgb_w60_d6,1,83,234,59.0,83.2598648071289
xgb_w60_d6,1,83,278,15.0,60.95848846435547
xgb_w60_d6,1,86,70,208.0,143.09219360351562
xgb_w60_d6,1,86,125,153.0,147.34335327148438
xgb_w60_d6,1,86,181,97.0,96.42485046386719
xgb_w60_d6,1,86,222,56.0,76.79878997802734
xgb_w60_d6,1,86,264,14.0,63.69748306274414
xgb_w60_d6,1,95,71,212.0,152.57589721679688
xgb_w60_d6,1,95,127,156.0,148.4446563720703
xgb_w60_d6,1,95,184,99.0,111.3328628540039
xgb_w60_d6,1,95,226,57.0,78.91919708251953
xgb_w60_d6,1,95,269,14.0,54.939117431640625
xgb_w60_d6,2,2,72,215.0,177.8407440185547
xgb_w60_d6,2,2,129,158.0,163.96914672851562
xgb_w60_d6,2,2,187,100.0,128.7220001220703
xgb_w60_d6,2,2,230,57.0,103.5943603515625
xgb_w60_d6,2,2,273,14.0,58.89714050292969
xgb_w60_d6,2,9,50,151.0,142.10462951660156
xgb_w60_d6,2,9,90,111.0,155.72007751464844
xgb_w60_d6,2,9,131,70.0,116.43131256103516
xgb_w60_d6,2,9,161,40.0,79.97301483154297
xgb_w60_d6,2,9,191,10.0,51.927223205566406
xgb_w60_d6,2,13,41,122.0,147.32496643066406
xgb_w60_d6,2,13,73,90.0,133.31393432617188
xgb_w60_d6,2,13,106,57.0,85.13296508789062
xgb_w60_d6,2,13,130,33.0,61.6686897277832
xgb_w60_d6,2,13,155,8.0,43.82904815673828
xgb_w60_d6,2,19,40,118.0,135.03643798828125
xgb_w60_d6,2,19,71,87.0,108.72703552246094
xgb_w60_d6,2,19,103,55.0,70.86891174316406
xgb_w60_d6,2,19,126,32.0,56.381591796875
xgb_w60_d6,2,19,150,8.0,33.612586975097656
xgb_w60_d6,2,25,58,172.0,147.3566436767578
xgb_w60_d6,2,25,104,126.0,125.43688201904297
xgb_w60_d6,2,25,150,80.0,99.2562255859375
xgb_w60_d6,2,25,184,46.0,77.98487854003906
xgb_w60_d6,2,25,218,12.0,62.72969055175781
xgb_w60_d6,2,39,32,96.0,154.21726989746094
xgb_w60_d6,2,39,58,70.0,113.20359802246094
xgb_w60_d6,2,39,83,45.0,68.9098129272461
xgb_w60_d6,2,39,102,26.0,42.34366226196289
xgb_w60_d6,2,39,122,6.0,22.265064239501953
xgb_w60_d6,2,43,52,155.0,163.99684143066406
xgb_w60_d6,2,43,93,114.0,128.82244873046875
xgb_w60_d6,2,43,135,72.0,103.42498779296875
xgb_w60_d6,2,43,166,41.0,82.80986022949219
xgb_w60_d6,2,43,197,10.0,38.45420455932617
xgb_w60_d6,2,48,58,173.0,153.0470733642578
xgb_w60_d6,2,48,104,127.0,132.65203857421875
xgb_w60_d6,2,48,150,81.0,106.40992736816406
xgb_w60_d6,2,48,185,46.0,90.5108871459961
xgb_w60_d6,2,48,219,12.0,65.58086395263672
xgb_w60_d6,2,51,53,160.0,165.1063995361328
xgb_w60_d6,2,51,96,117.0,143.8136749267578
xgb_w60_d6,2,51,138,75.0,116.97907257080078
xgb_w60_d6,2,51,170,43.0,98.99768829345703
xgb_w60_d6,2,51,202,11.0,61.987083435058594
xgb_w60_d6,2,53,49,146.0,210.8426513671875
xgb_w60_d6,2,53,88,107.0,188.30661010742188
xgb_w60_d6,2,53,127,68.0,87.29653930664062
xgb_w60_d6,2,53,156,39.0,72.10401153564453
xgb_w60_d6,2,53,185,10.0,53.20304489135742
xgb_w60_d6,2,55,48,145.0,146.9315643310547
xgb_w60_d6,2,55,87,106.0,126.59025573730469
xgb_w60_d6,2,55,125,68.0,92.5927963256836
xgb_w60_d6,2,55,154,39.0,74.98835754394531
xgb_w60_d6,2,55,183,10.0,61.17737579345703
xgb_w60_d6,2,57,34,103.0,183.47122192382812
xgb_w60_d6,2,57,62,75.0,131.53819274902344
xgb_w60_d6,2,57,89,48.0,81.1158676147461
xgb_w60_d6,2,57,110,27.0,48.375404357910156
xgb_w60_d6,2,57,130,7.0,21.01995086669922
xgb_w60_d6,2,60,43,129.0,169.41909790039062
xgb_w60_d6,2,60,77,95.0,130.21133422851562
xgb_w60_d6,2,60,112,60.0,105.10758972167969
xgb_w60_d6,2,60,138,34.0,65.58721923828125
xgb_w60_d6,2,60,163,9.0,40.79604721069336
xgb_w60_d6,2,75,57,172.0,136.5402374267578
xgb_w60_d6,2,75,103,126.0,122.96135711669922
xgb_w60_d6,2,75,149,80.0,94.76585388183594
xgb_w60_d6,2,75,183,46.0,78.61150360107422
xgb_w60_d6,2,75,218,11.0,64.00519561767578
xgb_w60_d6,2,78,58,173.0,162.99632263183594
xgb_w60_d6,2,78,104,127.0,142.33306884765625
xgb_w60_d6,2,78,150,81.0,111.14720153808594
xgb_w60_d6,2,78,185,46.0,90.87056732177734
xgb_w60_d6,2,78,219,12.0,41.74687957763672
xgb_w60_d6,2,99,46,139.0,211.2937469482422
xgb_w60_d6,2,99,83,102.0,150.1088104248047
xgb_w60_d6,2,99,120,65.0,106.04882049560547
xgb_w60_d6,2,99,148,37.0,69.97538757324219
xgb_w60_d6,2,99,176,9.0,34.86808776855469
xgb_w60_d6,2,100,50,150.0,146.9419708251953
xgb_w60_d6,2,100,90,110.0,142.037353515625
xgb_w60_d6,2,100,130,70.0,113.82569122314453
xgb_w60_d6,2,100,160,40.0,73.05831909179688
xgb_w60_d6,2,100,190,10.0,42.126529693603516
xgb_w60_d6,3,3,45,134.0,172.03443908691406
xgb_w60_d6,3,3,81,98.0,134.4800567626953
xgb_w60_d6,3,3,116,63.0,83.886962890625
xgb_w60_d6,3,3,143,36.0,61.37561798095703
xgb_w60_d6,3,3,170,9.0,36.248477935791016
xgb_w60_d6,3,6,47,141.0,153.0092315673828
xgb_w60_d6,3,6,85,103.0,97.19248962402344
xgb_w60_d6,3,6,122,66.0,87.22220611572266
xgb_w60_d6,3,6,150,38.0,68.269775390625
xgb_w60_d6,3,6,179,9.0,42.48550033569336
xgb_w60_d6,3,7,65,194.0,146.97482299804688
xgb_w60_d6,3,7,117,142.0,130.3206024169922
xgb_w60_d6,3,7,168,91.0,117.34435272216797
xgb_w60_d6,3,7,207,52.0,101.3463134765625
xgb_w60_d6,3,7,246,13.0,56.238075256347656
xgb_w60_d6,3,8,38,112.0,157.00645446777344
xgb_w60_d6,3,8,68,82.0,123.20431518554688
xgb_w60_d6,3,8,98,52.0,88.38550567626953
xgb_w60_d6,3,8,120,30.0,71.5109634399414
xgb_w60_d6,3,8,142,8.0,31.890064239501953
xgb_w60_d6,3,10,56,166.0,170.36752319335938
xgb_w60_d6,3,10,100,122.0,148.3679962158203
xgb_w60_d6,3,10,144,78.0,112.42782592773438
xgb_w60_d6,3,10,178,44.0,74.56686401367188
xgb_w60_d6,3,10,211,11.0,37.34311294555664
xgb_w60_d6,3,17,69,207.0,130.83114624023438
xgb_w60_d6,3,17,124,152.0,125.31132507324219
xgb_w60_d6,3,17,179,97.0,105.04290771484375
xgb_w60_d6,3,17,221,55.0,91.36941528320312
xgb_w60_d6,3,17,262,14.0,69.2392807006836
xgb_w60_d6,3,24,37,110.0,148.46591186523438
xgb_w60_d6,3,24,66,81.0,117.22312927246094
xgb_w60_d6,3,24,96,51.0,86.17924499511719
xgb_w60_d6,3,24,118,29.0,50.89833068847656
xgb_w60_d6,3,24,140,7.0,22.625558853149414
xgb_w60_d6,3,26,50,149.0,140.01734924316406
xgb_w60_d6,3,26,90,109.0,93.44898223876953
xgb_w60_d6,3,26,129,70.0,80.94832611083984
xgb_w60_d6,3,26,159,40.0,67.16333770751953
xgb_w60_d6,3,26,189,10.0,57.73167419433594
xgb_w60_d6,3,41,54,162.0,159.65638732910156
xgb_w60_d6,3,41,97,119.0,127.46682739257812
xgb_w60_d6,3,41,140,76.0,98.12056732177734
xgb_w60_d6,3,41,173,43.0,77.03496551513672
xgb_w60_d6,3,41,205,11.0,45.85808563232422
xgb_w60_d6,3,45,40,118.0,181.26502990722656
xgb_w60_d6,3,45,71,87.0,144.1420440673828
xgb_w60_d6,3,45,103,55.0,74.01493835449219
xgb_w60_d6,3,45,126,32.0,55.76996994018555
xgb_w60_d6,3,45,150,8.0,22.545795440673828
xgb_w60_d6,3,52,53,160.0,127.61173248291016
xgb_w60_d6,3,52,96,117.0,122.89867401123047
xgb_w60_d6,3,52,138,75.0,101.79630279541016
xgb_w60_d6,3,52,170,43.0,73.92053985595703
xgb_w60_d6,3,52,202,11.0,63.23577880859375
xgb_w60_d6,3,56,69,206.0,140.11048889160156
xgb_w60_d6,3,56,124,151.0,98.4302749633789
xgb_w60_d6,3,56,179,96.0,78.03815460205078
xgb_w60_d6,3,56,220,55.0,73.46990966796875
xgb_w60_d6,3,56,261,14.0,61.19980239868164
xgb_w60_d6,3,62,45,135.0,173.08773803710938
xgb_w60_d6,3,62,81,99.0,121.77330780029297
xgb_w60_d6,3,62,117,63.0,103.31519317626953
xgb_w60_d6,3,62,144,36.0,74.98636627197266
xgb_w60_d6,3,62,171,9.0,48.63875198364258
xgb_w60_d6,3,73,53,160.0,150.6849822998047
xgb_w60_d6,3,73,96,117.0,108.08130645751953
xgb_w60_d6,3,73,138,75.0,80.94122314453125
xgb_w60_d6,3,73,170,43.0,78.1792221069336
xgb_w60_d6,3,73,202,11.0,66.4061050415039
xgb_w60_d6,3,87,44,134.0,122.10932159423828
xgb_w60_d6,3,87,80,98.0,111.26659393310547
xgb_w60_d6,3,87,116,62.0,86.30203247070312
xgb_w60_d6,3,87,142,36.0,67.93745422363281
xgb_w60_d6,3,87,169,9.0,31.366769790649414
xgb_w60_d6,3,90,38,116.0,161.43382263183594
xgb_w60_d6,3,90,69,85.0,133.4637451171875
xgb_w60_d6,3,90,100,54.0,69.98149871826172
xgb_w60_d6,3,90,123,31.0,51.9365234375
xgb_w60_d6,3,90,146,8.0,26.560014724731445
xgb_w60_d6,3,91,34,101.0,146.2954559326172
xgb_w60_d6,3,91,61,74.0,108.5066146850586
xgb_w60_d6,3,91,88,47.0,69.5282974243164
xgb_w60_d6,3,91,108,27.0,53.73058319091797
xgb_w60_d6,3,91,128,7.0,27.374975204467773
xgb_w60_d6,4,1,48,144.0,140.10719299316406
xgb_w60_d6,4,1,86,106.0,134.26864624023438
xgb_w60_d6,4,1,125,67.0,101.87476348876953
xgb_w60_d6,4,1,154,38.0,71.47189331054688
xgb_w60_d6,4,1,182,10.0,28.536624908447266
xgb_w60_d6,4,11,60,180.0,161.57131958007812
xgb_w60_d6,4,11,108,132.0,148.72897338867188
xgb_w60_d6,4,11,156,84.0,114.18112182617188
xgb_w60_d6,4,11,192,48.0,85.13980102539062
xgb_w60_d6,4,11,228,12.0,55.989051818847656
xgb_w60_d6,4,23,42,126.0,161.37783813476562
xgb_w60_d6,4,23,76,92.0,128.38873291015625
xgb_w60_d6,4,23,109,59.0,99.37144470214844
xgb_w60_d6,4,23,134,34.0,65.14307403564453
xgb_w60_d6,4,23,160,8.0,30.930343627929688
xgb_w60_d6,4,28,41,124.0,168.03810119628906
xgb_w60_d6,4,28,74,91.0,161.5729522705078
xgb_w60_d6,4,28,107,58.0,103.02310180664062
xgb_w60_d6,4,28,132,33.0,57.62685775756836
xgb_w60_d6,4,28,157,8.0,25.587846755981445
xgb_w60_d6,4,44,48,144.0,152.22662353515625
xgb_w60_d6,4,44,86,106.0,142.0208282470703
xgb_w60_d6,4,44,125,67.0,105.6536636352539
xgb_w60_d6,4,44,154,38.0,71.94878387451172
xgb_w60_d6,4,44,182,10.0,29.701446533203125
xgb_w60_d6,4,54,64,193.0,159.9290771484375
xgb_w60_d6,4,54,116,141.0,136.4452667236328
xgb_w60_d6,4,54,167,90.0,114.86555480957031
xgb_w60_d6,4,54,206,51.0,87.96112823486328
xgb_w60_d6,4,54,244,13.0,65.9065170288086
xgb_w60_d6,4,58,37,110.0,148.4329833984375
xgb_w60_d6,4,58,66,81.0,121.56383514404297
xgb_w60_d6,4,58,96,51.0,94.1236343383789
xgb_w60_d6,4,58,118,29.0,47.492034912109375
xgb_w60_d6,4,58,140,7.0,20.781902313232422
xgb_w60_d6,4,61,46,139.0,187.86514282226562
xgb_w60_d6,4,61,83,102.0,138.56158447265625
xgb_w60_d6,4,61,120,65.0,111.91524505615234
xgb_w60_d6,4,61,148,37.0,66.5260009765625
xgb_w60_d6,4,61,176,9.0,24.463836669921875
xgb_w60_d6,4,63,44,130.0,157.24937438964844
xgb_w60_d6,4,63,78,96.0,125.71380615234375
xgb_w60_d6,4,63,113,61.0,85.47535705566406
xgb_w60_d6,4,63,139,35.0,63.48979187011719
xgb_w60_d6,4,63,165,9.0,45.21501922607422
xgb_w60_d6,4,65,38,115.0,151.55604553222656
xgb_w60_d6,4,65,69,84.0,120.43462371826172
xgb_w60_d6,4,65,99,54.0,98.21393585205078
xgb_w60_d6,4,65,122,31.0,64.41383361816406
xgb_w60_d6,4,65,145,8.0,23.839656829833984
xgb_w60_d6,4,67,78,235.0,131.38026428222656
xgb_w60_d6,4,67,141,172.0,132.99732971191406
xgb_w60_d6,4,67,203,110.0,119.3399429321289
xgb_w60_d6,4,67,250,63.0,115.25845336914062
xgb_w60_d6,4,67,297,16.0,82.5642318725586
xgb_w60_d6,4,70,34,103.0,148.65985107421875
xgb_w60_d6,4,70,62,75.0,141.6620330810547
xgb_w60_d6,4,70,89,48.0,102.32884216308594
xgb_w60_d6,4,70,110,27.0,49.03519058227539
xgb_w60_d6,4,70,130,7.0,19.322649002075195
xgb_w60_d6,4,71,52,156.0,143.10853576660156
xgb_w60_d6,4,71,94,114.0,103.342041015625
xgb_w60_d6,4,71,135,73.0,91.3823471069336
xgb_w60_d6,4,71,166,42.0,70.3286361694336
xgb_w60_d6,4,71,198,10.0,59.95962142944336
xgb_w60_d6,4,82,54,160.0,176.00819396972656
xgb_w60_d6,4,82,96,118.0,167.53204345703125
xgb_w60_d6,4,82,139,75.0,106.42932891845703
xgb_w60_d6,4,82,171,43.0,69.30963134765625
xgb_w60_d6,4,82,203,11.0,41.34506607055664
xgb_w60_d6,4,85,47,141.0,161.6427001953125
xgb_w60_d6,4,85,85,103.0,145.37464904785156
xgb_w60_d6,4,85,122,66.0,100.2649154663086
xgb_w60_d6,4,85,150,38.0,70.31092834472656
xgb_w60_d6,4,85,179,9.0,34.17116928100586
xgb_w60_d6,4,92,85,256.0,155.43087768554688
xgb_w60_d6,4,92,153,188.0,157.57618713378906
xgb_w60_d6,4,92,222,119.0,126.88782501220703
xgb_w60_d6,4,92,273,68.0,96.38911437988281
xgb_w60_d6,4,92,324,17.0,77.77606201171875
xgb_w60_d6,4,94,64,194.0,135.56285095214844
xgb_w60_d6,4,94,116,142.0,109.39958190917969
xgb_w60_d6,4,94,168,90.0,87.96266174316406
xgb_w60_d6,4,94,206,52.0,78.23214721679688
xgb_w60_d6,4,94,245,13.0,66.50128173828125
xgb_w60_d6,5,4,47,142.0,153.2987060546875
xgb_w60_d6,5,4,85,104.0,130.4307098388672
xgb_w60_d6,5,4,123,66.0,94.88395690917969
xgb_w60_d6,5,4,151,38.0,70.1505126953125
xgb_w60_d6,5,4,180,9.0,52.98997497558594
xgb_w60_d6,5,5,67,202.0,155.47525024414062
xgb_w60_d6,5,5,121,148.0,136.6204833984375
xgb_w60_d6,5,5,175,94.0,106.67259979248047
xgb_w60_d6,5,5,215,54.0,84.2889633178711
xgb_w60_d6,5,5,256,13.0,60.56698226928711
xgb_w60_d6,5,12,42,128.0,168.7283477783203
xgb_w60_d6,5,12,76,94.0,122.75455474853516
xgb_w60_d6,5,12,110,60.0,93.34085845947266
xgb_w60_d6,5,12,136,34.0,63.35826873779297
xgb_w60_d6,5,12,162,8.0,37.99675750732422
xgb_w60_d6,5,14,45,135.0,142.53497314453125
xgb_w60_d6,5,14,81,99.0,119.81619262695312
xgb_w60_d6,5,14,117,63.0,92.56028747558594
xgb_w60_d6,5,14,144,36.0,69.4072265625
xgb_w60_d6,5,14,171,9.0,43.88627243041992
xgb_w60_d6,5,15,52,155.0,151.07867431640625
xgb_w60_d6,5,15,93,114.0,136.57000732421875
xgb_w60_d6,5,15,135,72.0,116.58211517333984
xgb_w60_d6,5,15,166,41.0,65.6650390625
xgb_w60_d6,5,15,197,10.0,36.93264389038086
xgb_w60_d6,5,18,49,146.0,159.23521423339844
xgb_w60_d6,5,18,88,107.0,129.61062622070312
xgb_w60_d6,5,18,127,68.0,89.34579467773438
xgb_w60_d6,5,18,156,39.0,78.0538101196289
xgb_w60_d6,5,18,185,10.0,51.95933532714844
xgb_w60_d6,5,30,48,146.0,158.42572021484375
xgb_w60_d6,5,30,87,107.0,143.20654296875
xgb_w60_d6,5,30,126,68.0,127.9632339477539
xgb_w60_d6,5,30,155,39.0,79.6680679321289
xgb_w60_d6,5,30,184,10.0,41.088104248046875
xgb_w60_d6,5,32,48,143.0,156.1146697998047
xgb_w60_d6,5,32,86,105.0,127.90116119384766
xgb_w60_d6,5,32,124,67.0,91.91883087158203
xgb_w60_d6,5,32,153,38.0,77.67709350585938
xgb_w60_d6,5,32,181,10.0,51.44846725463867
xgb_w60_d6,5,35,45,136.0,134.86236572265625
xgb_w60_d6,5,35,81,100.0,116.2971420288086
xgb_w60_d6,5,35,118,63.0,98.02635192871094
xgb_w60_d6,5,35,145,36.0,71.6154556274414
xgb_w60_d6,5,35,172,9.0,37.316688537597656
xgb_w60_d6,5,37,42,128.0,139.69454956054688
xgb_w60_d6,5,37,76,94.0,116.94878387451172
xgb_w60_d6,5,37,110,60.0,82.90851593017578
xgb_w60_d6,5,37,136,34.0,59.13936233520508
xgb_w60_d6,5,37,162,8.0,34.78266143798828
xgb_w60_d6,5,42,49,147.0,158.58639526367188
xgb_w60_d6,5,42,88,108.0,164.18862915039062
xgb_w60_d6,5,42,127,69.0,109.24372100830078
xgb_w60_d6,5,42,157,39.0,72.1826400756836
xgb_w60_d6,5,42,186,10.0,40.61331558227539
xgb_w60_d6,5,64,71,212.0,139.18777465820312
xgb_w60_d6,5,64,127,156.0,142.07911682128906
xgb_w60_d6,5,64,184,99.0,112.90534210205078
xgb_w60_d6,5,64,226,57.0,93.02239990234375
xgb_w60_d6,5,64,269,14.0,74.56072235107422
xgb_w60_d6,5,74,42,124.0,171.3701171875
xgb_w60_d6,5,74,75,91.0,167.82342529296875
xgb_w60_d6,5,74,108,58.0,109.95260620117188
xgb_w60_d6,5,74,133,33.0,63.371490478515625
xgb_w60_d6,5,74,158,8.0,35.326690673828125
xgb_w60_d6,5,80,46,139.0,145.99417114257812
xgb_w60_d6,5,80,83,102.0,132.5798797607422
xgb_w60_d6,5,80,120,65.0,103.61052703857422
xgb_w60_d6,5,80,148,37.0,74.41499328613281
xgb_w60_d6,5,80,176,9.0,61.52956008911133
xgb_w60_d6,5,89,54,163.0,143.75892639160156
xgb_w60_d6,5,89,98,119.0,134.8028106689453
xgb_w60_d6,5,89,141,76.0,116.52384185791016
xgb_w60_d6,5,89,174,43.0,84.65956115722656
xgb_w60_d6,5,89,206,11.0,42.64838409423828
xgb_w60_d6,5,96,84,252.0,164.44847106933594
xgb_w60_d6,5,96,151,185.0,136.76861572265625
xgb_w60_d6,5,96,218,118.0,145.477783203125
xgb_w60_d6,5,96,269,67.0,107.62982940673828
xgb_w60_d6,5,96,319,17.0,78.10846710205078
xgb_w60_d6,5,98,39,117.0,140.71047973632812
xgb_w60_d6,5,98,70,86.0,104.079345703125
xgb_w60_d6,5,98,101,55.0,68.69883728027344
xgb_w60_d6,5,98,125,31.0,52.63255310058594
xgb_w60_d6,5,98,148,8.0,25.878873825073242
xgb_w90_d6,1,16,52,157.0,107.69871520996094
xgb_w90_d6,1,16,94,115.0,89.55224609375
xgb_w90_d6,1,16,136,73.0,74.78523254394531
xgb_w90_d6,1,16,167,42.0,60.722930908203125
xgb_w90_d6,1,16,199,10.0,49.01327133178711
xgb_w90_d6,1,20,58,176.0,131.5504913330078
xgb_w90_d6,1,20,105,129.0,126.6397933959961
xgb_w90_d6,1,20,152,82.0,93.7910385131836
xgb_w90_d6,1,20,187,47.0,70.09073638916016
xgb_w90_d6,1,20,222,12.0,51.542335510253906
xgb_w90_d6,1,21,49,146.0,120.9935531616211
xgb_w90_d6,1,21,88,107.0,135.6145782470703
xgb_w90_d6,1,21,127,68.0,75.8570556640625
xgb_w90_d6,1,21,156,39.0,53.81889724731445
xgb_w90_d6,1,21,185,10.0,30.6088809967041
xgb_w90_d6,1,29,41,122.0,144.89122009277344
xgb_w90_d6,1,29,73,90.0,96.97140502929688
xgb_w90_d6,1,29,106,57.0,67.14002227783203
xgb_w90_d6,1,29,130,33.0,42.70861053466797
xgb_w90_d6,1,29,155,8.0,13.493114471435547
xgb_w90_d6,1,36,40,118.0,141.76011657714844
xgb_w90_d6,1,36,71,87.0,103.96996307373047
xgb_w90_d6,1,36,103,55.0,58.310001373291016
xgb_w90_d6,1,36,126,32.0,38.13241195678711
xgb_w90_d6,1,36,150,8.0,20.87354278564453
xgb_w90_d6,1,40,47,141.0,147.5770263671875
xgb_w90_d6,1,40,85,103.0,110.13444519042969
xgb_w90_d6,1,40,122,66.0,76.62184143066406
xgb_w90_d6,1,40,150,38.0,52.322940826416016
xgb_w90_d6,1,40,179,9.0,31.04256820678711
xgb_w90_d6,1,47,54,160.0,176.58724975585938
xgb_w90_d6,1,47,96,118.0,132.85015869140625
xgb_w90_d6,1,47,139,75.0,88.16981506347656
xgb_w90_d6,1,47,171,43.0,52.44602966308594
xgb_w90_d6,1,47,203,11.0,26.23134422302246
xgb_w90_d6,1,59,58,173.0,154.36985778808594
xgb_w90_d6,1,59,104,127.0,116.07244873046875
xgb_w90_d6,1,59,150,81.0,105.79925537109375
xgb_w90_d6,1,59,185,46.0,63.871177673339844
xgb_w90_d6,1,59,219,12.0,38.128692626953125
xgb_w90_d6,1,66,50,152.0,151.90626525878906
xgb_w90_d6,1,66,91,111.0,113.29389190673828
xgb_w90_d6,1,66,131,71.0,71.57637786865234
xgb_w90_d6,1,66,162,40.0,63.52961349487305
xgb_w90_d6,1,66,192,10.0,42.3386116027832
xgb_w90_d6,1,68,50,149.0,151.13113403320312
xgb_w90_d6,1,68,90,109.0,94.63130950927734
xgb_w90_d6,1,68,129,70.0,76.71050262451172
xgb_w90_d6,1,68,159,40.0,54.17174530029297
xgb_w90_d6,1,68,189,10.0,30.31829261779785
xgb_w90_d6,1,69,90,272.0,171.62884521484375
xgb_w90_d6,1,69,163,199.0,154.50869750976562
xgb_w90_d6,1,69,235,127.0,99.39117431640625
xgb_w90_d6,1,69,290,72.0,78.66629791259766
xgb_w90_d6,1,69,344,18.0,64.27864074707031
xgb_w90_d6,1,72,53,160.0,147.41098022460938
xgb_w90_d6,1,72,96,117.0,165.2218017578125
xgb_w90_d6,1,72,138,75.0,76.66790008544922
xgb_w90_d6,1,72,170,43.0,45.32464599609375
xgb_w90_d6,1,72,202,11.0,42.231388092041016
xgb_w90_d6,1,76,52,158.0,145.96121215820312
xgb_w90_d6,1,76,94,116.0,107.4665756225586
xgb_w90_d6,1,76,136,74.0,86.09227752685547
xgb_w90_d6,1,76,168,42.0,59.80754852294922
xgb_w90_d6,1,76,200,10.0,45.43397521972656
xgb_w90_d6,1,79,50,149.0,157.93821716308594
xgb_w90_d6,1,79,90,109.0,129.1037139892578
xgb_w90_d6,1,79,129,70.0,91.4954833984375
xgb_w90_d6,1,79,159,40.0,55.572227478027344
xgb_w90_d6,1,79,189,10.0,18.44992446899414
xgb_w90_d6,1,83,73,220.0,176.88955688476562
xgb_w90_d6,1,83,132,161.0,157.48202514648438
xgb_w90_d6,1,83,190,103.0,111.68769073486328
xgb_w90_d6,1,83,234,59.0,77.46492004394531
xgb_w90_d6,1,83,278,15.0,47.748958587646484
xgb_w90_d6,1,86,70,208.0,138.79257202148438
xgb_w90_d6,1,86,125,153.0,151.9930419921875
xgb_w90_d6,1,86,181,97.0,93.93041229248047
xgb_w90_d6,1,86,222,56.0,67.91127014160156
xgb_w90_d6,1,86,264,14.0,46.280540466308594
xgb_w90_d6,1,95,71,212.0,136.43618774414062
xgb_w90_d6,1,95,127,156.0,150.23020935058594
xgb_w90_d6,1,95,184,99.0,107.85591125488281
xgb_w90_d6,1,95,226,57.0,74.01692199707031
xgb_w90_d6,1,95,269,14.0,47.512725830078125
xgb_w90_d6,2,2,72,215.0,177.8867645263672
xgb_w90_d6,2,2,129,158.0,169.24136352539062
xgb_w90_d6,2,2,187,100.0,118.12137603759766
xgb_w90_d6,2,2,230,57.0,82.33342742919922
xgb_w90_d6,2,2,273,14.0,39.8714599609375
xgb_w90_d6,2,9,50,151.0,152.7365264892578
xgb_w90_d6,2,9,90,111.0,139.09237670898438
xgb_w90_d6,2,9,131,70.0,105.28189849853516
xgb_w90_d6,2,9,161,40.0,85.7809066772461
xgb_w90_d6,2,9,191,10.0,30.02218246459961
xgb_w90_d6,2,13,41,122.0,157.96145629882812
xgb_w90_d6,2,13,73,90.0,133.91201782226562
xgb_w90_d6,2,13,106,57.0,83.61305236816406
xgb_w90_d6,2,13,130,33.0,48.94473648071289
xgb_w90_d6,2,13,155,8.0,25.177581787109375
xgb_w90_d6,2,19,40,118.0,130.46583557128906
xgb_w90_d6,2,19,71,87.0,106.51429748535156
xgb_w90_d6,2,19,103,55.0,68.93353271484375
xgb_w90_d6,2,19,126,32.0,38.3729248046875
xgb_w90_d6,2,19,150,8.0,24.38384246826172
xgb_w90_d6,2,25,58,172.0,137.56600952148438
xgb_w90_d6,2,25,104,126.0,128.40176391601562
xgb_w90_d6,2,25,150,80.0,90.89324951171875
xgb_w90_d6,2,25,184,46.0,66.68449401855469
xgb_w90_d6,2,25,218,12.0,44.353790283203125
xgb_w90_d6,2,39,32,96.0,154.04849243164062
xgb_w90_d6,2,39,58,70.0,137.25933837890625
xgb_w90_d6,2,39,83,45.0,61.55573654174805
xgb_w90_d6,2,39,102,26.0,33.822505950927734
xgb_w90_d6,2,39,122,6.0,13.686574935913086
xgb_w90_d6,2,43,52,155.0,176.20318603515625
xgb_w90_d6,2,43,93,114.0,125.09085845947266
xgb_w90_d6,2,43,135,72.0,99.01538848876953
xgb_w90_d6,2,43,166,41.0,61.96696472167969
xgb_w90_d6,2,43,197,10.0,26.144935607910156
xgb_w90_d6,2,48,58,173.0,162.48489379882812
xgb_w90_d6,2,48,104,127.0,129.87364196777344
xgb_w90_d6,2,48,150,81.0,118.6223373413086
xgb_w90_d6,2,48,185,46.0,94.1375732421875
xgb_w90_d6,2,48,219,12.0,46.191429138183594
xgb_w90_d6,2,51,53,160.0,169.34756469726562
xgb_w90_d6,2,51,96,117.0,120.62511444091797
xgb_w90_d6,2,51,138,75.0,100.88919067382812
xgb_w90_d6,2,51,170,43.0,90.24800872802734
xgb_w90_d6,2,51,202,11.0,49.03109359741211
xgb_w90_d6,2,53,49,146.0,208.28260803222656
xgb_w90_d6,2,53,88,107.0,135.058349609375
xgb_w90_d6,2,53,127,68.0,85.75264739990234
xgb_w90_d6,2,53,156,39.0,55.034828186035156
xgb_w90_d6,2,53,185,10.0,27.760263442993164
xgb_w90_d6,2,55,48,145.0,156.55032348632812
xgb_w90_d6,2,55,87,106.0,122.22317504882812
xgb_w90_d6,2,55,125,68.0,80.41799926757812
xgb_w90_d6,2,55,154,39.0,77.04269409179688
xgb_w90_d6,2,55,183,10.0,40.98847198486328
xgb_w90_d6,2,57,34,103.0,179.8394317626953
xgb_w90_d6,2,57,62,75.0,127.32991790771484
xgb_w90_d6,2,57,89,48.0,65.16381072998047
xgb_w90_d6,2,57,110,27.0,37.6262321472168
xgb_w90_d6,2,57,130,7.0,14.88503646850586
xgb_w90_d6,2,60,43,129.0,181.1015625
xgb_w90_d6,2,60,77,95.0,136.08340454101562
xgb_w90_d6,2,60,112,60.0,90.02809143066406
xgb_w90_d6,2,60,138,34.0,47.173606872558594
xgb_w90_d6,2,60,163,9.0,24.452810287475586
xgb_w90_d6,2,75,57,172.0,137.20005798339844
xgb_w90_d6,2,75,103,126.0,117.02069854736328
xgb_w90_d6,2,75,149,80.0,76.65213012695312
xgb_w90_d6,2,75,183,46.0,59.028846740722656
xgb_w90_d6,2,75,218,11.0,37.996734619140625
xgb_w90_d6,2,78,58,173.0,167.80055236816406
xgb_w90_d6,2,78,104,127.0,114.2423095703125
xgb_w90_d6,2,78,150,81.0,90.42435455322266
xgb_w90_d6,2,78,185,46.0,67.88626861572266
xgb_w90_d6,2,78,219,12.0,24.856523513793945
xgb_w90_d6,2,99,46,139.0,209.9795379638672
xgb_w90_d6,2,99,83,102.0,168.1034698486328
xgb_w90_d6,2,99,120,65.0,88.2192611694336
xgb_w90_d6,2,99,148,37.0,49.661521911621094
xgb_w90_d6,2,99,176,9.0,20.634803771972656
xgb_w90_d6,2,100,50,150.0,177.9361114501953
xgb_w90_d6,2,100,90,110.0,131.40431213378906
xgb_w90_d6,2,100,130,70.0,94.0477523803711
xgb_w90_d6,2,100,160,40.0,48.266170501708984
xgb_w90_d6,2,100,190,10.0,24.825042724609375
xgb_w90_d6,3,3,45,134.0,157.62844848632812
xgb_w90_d6,3,3,81,98.0,130.34817504882812
xgb_w90_d6,3,3,116,63.0,84.55557250976562
xgb_w90_d6,3,3,143,36.0,49.69039535522461
xgb_w90_d6,3,3,170,9.0,21.203609466552734
xgb_w90_d6,3,6,47,141.0,148.8444061279297
xgb_w90_d6,3,6,85,103.0,95.92633819580078
xgb_w90_d6,3,6,122,66.0,85.37532806396484
xgb_w90_d6,3,6,150,38.0,52.85212326049805
xgb_w90_d6,3,6,179,9.0,21.963109970092773
xgb_w90_d6,3,7,65,194.0,149.7886199951172
xgb_w90_d6,3,7,117,142.0,130.21353149414062
xgb_w90_d6,3,7,168,91.0,90.08100891113281
xgb_w90_d6,3,7,207,52.0,70.27023315429688
xgb_w90_d6,3,7,246,13.0,35.85783004760742
xgb_w90_d6,3,8,38,112.0,152.91372680664062
xgb_w90_d6,3,8,68,82.0,113.86917114257812
xgb_w90_d6,3,8,98,52.0,78.14750671386719
xgb_w90_d6,3,8,120,30.0,49.71878433227539
xgb_w90_d6,3,8,142,8.0,22.225872039794922
xgb_w90_d6,3,10,56,166.0,172.9237823486328
xgb_w90_d6,3,10,100,122.0,130.57469177246094
xgb_w90_d6,3,10,144,78.0,95.6176528930664
xgb_w90_d6,3,10,178,44.0,52.47298812866211
xgb_w90_d6,3,10,211,11.0,28.40247344970703
xgb_w90_d6,3,17,69,207.0,136.21156311035156
xgb_w90_d6,3,17,124,152.0,131.729736328125
xgb_w90_d6,3,17,179,97.0,96.62017822265625
xgb_w90_d6,3,17,221,55.0,78.57242584228516
xgb_w90_d6,3,17,262,14.0,44.55908966064453
xgb_w90_d6,3,24,37,110.0,143.49842834472656
xgb_w90_d6,3,24,66,81.0,127.21882629394531
xgb_w90_d6,3,24,96,51.0,73.79051208496094
xgb_w90_d6,3,24,118,29.0,42.45755386352539
xgb_w90_d6,3,24,140,7.0,17.198530197143555
xgb_w90_d6,3,26,50,149.0,141.51022338867188
xgb_w90_d6,3,26,90,109.0,99.64868927001953
xgb_w90_d6,3,26,129,70.0,80.54939270019531
xgb_w90_d6,3,26,159,40.0,58.22571563720703
xgb_w90_d6,3,26,189,10.0,32.54194641113281
xgb_w90_d6,3,41,54,162.0,166.4847869873047
xgb_w90_d6,3,41,97,119.0,121.06350708007812
xgb_w90_d6,3,41,140,76.0,83.72753143310547
xgb_w90_d6,3,41,173,43.0,52.71335220336914
xgb_w90_d6,3,41,205,11.0,31.695802688598633
xgb_w90_d6,3,45,40,118.0,192.2975616455078
xgb_w90_d6,3,45,71,87.0,140.86050415039062
xgb_w90_d6,3,45,103,55.0,68.57129669189453
xgb_w90_d6,3,45,126,32.0,42.90205383300781
xgb_w90_d6,3,45,150,8.0,17.234960556030273
xgb_w90_d6,3,52,53,160.0,135.0957489013672
xgb_w90_d6,3,52,96,117.0,123.03510284423828
xgb_w90_d6,3,52,138,75.0,80.26805877685547
xgb_w90_d6,3,52,170,43.0,53.40754699707031
xgb_w90_d6,3,52,202,11.0,30.533823013305664
xgb_w90_d6,3,56,69,206.0,150.51800537109375
xgb_w90_d6,3,56,124,151.0,111.5107421875
xgb_w90_d6,3,56,179,96.0,79.16026306152344
xgb_w90_d6,3,56,220,55.0,74.26656341552734
xgb_w90_d6,3,56,261,14.0,55.53289794921875
xgb_w90_d6,3,62,45,135.0,161.7213592529297
xgb_w90_d6,3,62,81,99.0,120.8094253540039
xgb_w90_d6,3,62,117,63.0,97.84394836425781
xgb_w90_d6,3,62,144,36.0,63.024009704589844
xgb_w90_d6,3,62,171,9.0,28.30021858215332
xgb_w90_d6,3,73,53,160.0,152.70269775390625
xgb_w90_d6,3,73,96,117.0,111.99000549316406
xgb_w90_d6,3,73,138,75.0,98.58232879638672
xgb_w90_d6,3,73,170,43.0,69.76256561279297
xgb_w90_d6,3,73,202,11.0,33.382041931152344
xgb_w90_d6,3,87,44,134.0,131.64071655273438
xgb_w90_d6,3,87,80,98.0,112.24699401855469
xgb_w90_d6,3,87,116,62.0,68.8245620727539
xgb_w90_d6,3,87,142,36.0,49.00333023071289
xgb_w90_d6,3,87,169,9.0,23.42685890197754
xgb_w90_d6,3,90,38,116.0,151.58590698242188
xgb_w90_d6,3,90,69,85.0,129.85633850097656
xgb_w90_d6,3,90,100,54.0,57.74465560913086
xgb_w90_d6,3,90,123,31.0,40.601661682128906
xgb_w90_d6,3,90,146,8.0,18.586814880371094
xgb_w90_d6,3,91,34,101.0,151.72640991210938
xgb_w90_d6,3,91,61,74.0,119.78223419189453
xgb_w90_d6,3,91,88,47.0,69.6470947265625
xgb_w90_d6,3,91,108,27.0,46.283653259277344
xgb_w90_d6,3,91,128,7.0,20.08104133605957
xgb_w90_d6,4,1,48,144.0,137.62466430664062
xgb_w90_d6,4,1,86,106.0,136.63729858398438
xgb_w90_d6,4,1,125,67.0,79.67167663574219
xgb_w90_d6,4,1,154,38.0,51.24833297729492
xgb_w90_d6,4,1,182,10.0,24.042678833007812
xgb_w90_d6,4,11,60,180.0,165.54119873046875
xgb_w90_d6,4,11,108,132.0,153.87896728515625
xgb_w90_d6,4,11,156,84.0,90.97116088867188
xgb_w90_d6,4,11,192,48.0,69.66709899902344
xgb_w90_d6,4,11,228,12.0,40.75985336303711
xgb_w90_d6,4,23,42,126.0,150.0167236328125
xgb_w90_d6,4,23,76,92.0,120.97392272949219
xgb_w90_d6,4,23,109,59.0,81.20188903808594
xgb_w90_d6,4,23,134,34.0,48.607574462890625
xgb_w90_d6,4,23,160,8.0,26.37599754333496
xgb_w90_d6,4,28,41,124.0,172.83851623535156
xgb_w90_d6,4,28,74,91.0,152.29794311523438
xgb_w90_d6,4,28,107,58.0,78.92876434326172
xgb_w90_d6,4,28,132,33.0,52.39064407348633
xgb_w90_d6,4,28,157,8.0,16.937286376953125
xgb_w90_d6,4,44,48,144.0,159.66217041015625
xgb_w90_d6,4,44,86,106.0,168.7974395751953
xgb_w90_d6,4,44,125,67.0,101.98516845703125
xgb_w90_d6,4,44,154,38.0,54.81014633178711
xgb_w90_d6,4,44,182,10.0,22.541004180908203
xgb_w90_d6,4,54,64,193.0,169.95208740234375
xgb_w90_d6,4,54,116,141.0,147.13522338867188
xgb_w90_d6,4,54,167,90.0,103.31734466552734
xgb_w90_d6,4,54,206,51.0,72.24817657470703
xgb_w90_d6,4,54,244,13.0,41.937015533447266
xgb_w90_d6,4,58,37,110.0,151.87677001953125
xgb_w90_d6,4,58,66,81.0,121.57992553710938
xgb_w90_d6,4,58,96,51.0,69.66768646240234
xgb_w90_d6,4,58,118,29.0,43.26499557495117
xgb_w90_d6,4,58,140,7.0,14.899611473083496
xgb_w90_d6,4,61,46,139.0,192.1287078857422
xgb_w90_d6,4,61,83,102.0,129.02841186523438
xgb_w90_d6,4,61,120,65.0,94.65811920166016
xgb_w90_d6,4,61,148,37.0,55.04572677612305
xgb_w90_d6,4,61,176,9.0,14.948604583740234
xgb_w90_d6,4,63,44,130.0,160.14944458007812
xgb_w90_d6,4,63,78,96.0,120.80928802490234
xgb_w90_d6,4,63,113,61.0,70.80197143554688
xgb_w90_d6,4,63,139,35.0,54.52891540527344
xgb_w90_d6,4,63,165,9.0,30.290721893310547
xgb_w90_d6,4,65,38,115.0,159.83590698242188
xgb_w90_d6,4,65,69,84.0,127.81555938720703
xgb_w90_d6,4,65,99,54.0,84.38323974609375
xgb_w90_d6,4,65,122,31.0,50.65410614013672
xgb_w90_d6,4,65,145,8.0,15.331104278564453
xgb_w90_d6,4,67,78,235.0,132.0172119140625
xgb_w90_d6,4,67,141,172.0,160.24134826660156
xgb_w90_d6,4,67,203,110.0,113.07195281982422
xgb_w90_d6,4,67,250,63.0,99.02445220947266
xgb_w90_d6,4,67,297,16.0,63.98285675048828
xgb_w90_d6,4,70,34,103.0,149.89744567871094
xgb_w90_d6,4,70,62,75.0,143.40811157226562
xgb_w90_d6,4,70,89,48.0,96.21582794189453
xgb_w90_d6,4,70,110,27.0,36.49529266357422
xgb_w90_d6,4,70,130,7.0,11.621782302856445
xgb_w90_d6,4,71,52,156.0,123.53425598144531
xgb_w90_d6,4,71,94,114.0,95.14529418945312
xgb_w90_d6,4,71,135,73.0,75.79885864257812
xgb_w90_d6,4,71,166,42.0,61.75490188598633
xgb_w90_d6,4,71,198,10.0,45.6768798828125
xgb_w90_d6,4,82,54,160.0,171.7011260986328
xgb_w90_d6,4,82,96,118.0,128.93185424804688
xgb_w90_d6,4,82,139,75.0,86.39281463623047
xgb_w90_d6,4,82,171,43.0,60.70151901245117
xgb_w90_d6,4,82,203,11.0,36.30392837524414
xgb_w90_d6,4,85,47,141.0,168.77772521972656
xgb_w90_d6,4,85,85,103.0,138.02525329589844
xgb_w90_d6,4,85,122,66.0,85.7932357788086
xgb_w90_d6,4,85,150,38.0,55.3233757019043
xgb_w90_d6,4,85,179,9.0,31.087369918823242
xgb_w90_d6,4,92,85,256.0,166.10772705078125
xgb_w90_d6,4,92,153,188.0,154.4678955078125
xgb_w90_d6,4,92,222,119.0,102.0810317993164
xgb_w90_d6,4,92,273,68.0,75.52044677734375
xgb_w90_d6,4,92,324,17.0,61.904117584228516
xgb_w90_d6,4,94,64,194.0,129.4276885986328
xgb_w90_d6,4,94,116,142.0,107.12015533447266
xgb_w90_d6,4,94,168,90.0,88.78296661376953
xgb_w90_d6,4,94,206,52.0,70.19095611572266
xgb_w90_d6,4,94,245,13.0,58.68898391723633
xgb_w90_d6,5,4,47,142.0,147.85671997070312
xgb_w90_d6,5,4,85,104.0,124.29733276367188
xgb_w90_d6,5,4,123,66.0,89.61405944824219
xgb_w90_d6,5,4,151,38.0,63.12140655517578
xgb_w90_d6,5,4,180,9.0,38.27892303466797
xgb_w90_d6,5,5,67,202.0,157.1598358154297
xgb_w90_d6,5,5,121,148.0,126.59220123291016
xgb_w90_d6,5,5,175,94.0,97.16033172607422
xgb_w90_d6,5,5,215,54.0,61.18429183959961
xgb_w90_d6,5,5,256,13.0,43.296077728271484
xgb_w90_d6,5,12,42,128.0,167.6043701171875
xgb_w90_d6,5,12,76,94.0,116.65123748779297
xgb_w90_d6,5,12,110,60.0,85.20787048339844
xgb_w90_d6,5,12,136,34.0,47.27820587158203
xgb_w90_d6,5,12,162,8.0,28.946374893188477
xgb_w90_d6,5,14,45,135.0,130.97059631347656
xgb_w90_d6,5,14,81,99.0,117.25657653808594
xgb_w90_d6,5,14,117,63.0,74.0976333618164
xgb_w90_d6,5,14,144,36.0,52.487274169921875
xgb_w90_d6,5,14,171,9.0,37.842552185058594
xgb_w90_d6,5,15,52,155.0,143.80990600585938
xgb_w90_d6,5,15,93,114.0,117.59192657470703
xgb_w90_d6,5,15,135,72.0,82.20012664794922
xgb_w90_d6,5,15,166,41.0,65.6316909790039
xgb_w90_d6,5,15,197,10.0,23.917028427124023
xgb_w90_d6,5,18,49,146.0,170.81570434570312
xgb_w90_d6,5,18,88,107.0,136.42433166503906
xgb_w90_d6,5,18,127,68.0,92.4201431274414
xgb_w90_d6,5,18,156,39.0,68.99523162841797
xgb_w90_d6,5,18,185,10.0,41.14484405517578
xgb_w90_d6,5,30,48,146.0,155.4565887451172
xgb_w90_d6,5,30,87,107.0,137.5234375
xgb_w90_d6,5,30,126,68.0,109.80099487304688
xgb_w90_d6,5,30,155,39.0,64.03423309326172
xgb_w90_d6,5,30,184,10.0,25.625333786010742
xgb_w90_d6,5,32,48,143.0,159.64755249023438
xgb_w90_d6,5,32,86,105.0,134.3944549560547
xgb_w90_d6,5,32,124,67.0,86.07469940185547
xgb_w90_d6,5,32,153,38.0,65.78927612304688
xgb_w90_d6,5,32,181,10.0,43.304359436035156
xgb_w90_d6,5,35,45,136.0,135.82940673828125
xgb_w90_d6,5,35,81,100.0,103.05254364013672
xgb_w90_d6,5,35,118,63.0,83.71817779541016
xgb_w90_d6,5,35,145,36.0,49.864349365234375
xgb_w90_d6,5,35,172,9.0,27.976848602294922
xgb_w90_d6,5,37,42,128.0,144.7857208251953
xgb_w90_d6,5,37,76,94.0,106.67440032958984
xgb_w90_d6,5,37,110,60.0,74.36869049072266
xgb_w90_d6,5,37,136,34.0,49.5495491027832
xgb_w90_d6,5,37,162,8.0,25.88374900817871
xgb_w90_d6,5,42,49,147.0,132.73886108398438
xgb_w90_d6,5,42,88,108.0,117.01838684082031
xgb_w90_d6,5,42,127,69.0,85.86588287353516
xgb_w90_d6,5,42,157,39.0,53.5728759765625
xgb_w90_d6,5,42,186,10.0,34.73486328125
xgb_w90_d6,5,64,71,212.0,123.0987777709961
xgb_w90_d6,5,64,127,156.0,134.88816833496094
xgb_w90_d6,5,64,184,99.0,100.7029037475586
xgb_w90_d6,5,64,226,57.0,71.63882446289062
xgb_w90_d6,5,64,269,14.0,52.310203552246094
xgb_w90_d6,5,74,42,124.0,164.7775115966797
xgb_w90_d6,5,74,75,91.0,145.32321166992188
xgb_w90_d6,5,74,108,58.0,96.45761108398438
xgb_w90_d6,5,74,133,33.0,53.71696853637695
xgb_w90_d6,5,74,158,8.0,24.730318069458008
xgb_w90_d6,5,80,46,139.0,144.12367248535156
xgb_w90_d6,5,80,83,102.0,118.8222427368164
xgb_w90_d6,5,80,120,65.0,97.53655242919922
xgb_w90_d6,5,80,148,37.0,70.50263977050781
xgb_w90_d6,5,80,176,9.0,48.36262512207031
xgb_w90_d6,5,89,54,163.0,148.25039672851562
xgb_w90_d6,5,89,98,119.0,120.21000671386719
xgb_w90_d6,5,89,141,76.0,110.8094253540039
xgb_w90_d6,5,89,174,43.0,61.60905456542969
xgb_w90_d6,5,89,206,11.0,29.547210693359375
xgb_w90_d6,5,96,84,252.0,136.06260681152344
xgb_w90_d6,5,96,151,185.0,160.22320556640625
xgb_w90_d6,5,96,218,118.0,123.83032989501953
xgb_w90_d6,5,96,269,67.0,88.18388366699219
xgb_w90_d6,5,96,319,17.0,57.87394714355469
xgb_w90_d6,5,98,39,117.0,155.31105041503906
xgb_w90_d6,5,98,70,86.0,93.52045440673828
xgb_w90_d6,5,98,101,55.0,70.43323516845703
xgb_w90_d6,5,98,125,31.0,40.95490646362305
xgb_w90_d6,5,98,148,8.0,19.273847579956055
